id,indexed_date,language,media_name,media_url,publish_date,title,url
9fa2ee18f55213a3cc3985026d223f208ab4583ea88c2d87ea844d1fbd528a51,2026-07-22 21:26:40.991534+00:00,en,theglobeandmail.com,theglobeandmail.com,2026-07-22,Will the future be voicepilled?,https://www.theglobeandmail.com/life/social-trends/article-future-voicepilled-matrix-red-pill-voice-to-text/
a6970e56e6e85a8f128a9e2d54c24f491a3616523039fffc97015a3a13f8a4d9,2026-06-15 22:25:42.217132+00:00,en,theglobeandmail.com,theglobeandmail.com,2026-06-15,World Cup racism monitor urges FIFA to remove match official over hand gesture on TV broadcast,https://www.theglobeandmail.com/sports/soccer/article-world-cup-racism-monitor-urges-fifa-to-remove-match-official-over-hand/
a9eac2b350f93a1ba875c9e82ecec3244de0f9114b03b45b6d4f91488614b259,2026-06-15 12:36:28.291388+00:00,en,thestar.com,thestar.com,2026-06-15,World Cup racism monitor urges FIFA to remove match official over hand gesture on TV broadcast,https://www.thestar.com/sports/soccer/world-cup-racism-monitor-urges-fifa-to-remove-match-official-over-hand-gesture-on-tv-broadcast/article_a5607b4e-dfa4-5011-9cc5-514dc025e1b0.html
daf413943c32a3a3baf8082233cf53d7294eeffe7bc51f40b2b29260c86d24c4,2026-06-10 05:33:30.949848+00:00,fr,ledevoir.com,ledevoir.com,2026-06-10,La restriction des réseaux sociaux aux jeunes proposée par le gouvernement Carney est-elle réaliste ?,https://www.ledevoir.com/politique/canada/986621/interdiction-reseaux-sociaux-moins-16-ans-est-elle-realiste
fbcf36fcc3a74723d385c00affc159a025615f8bbbb6b19533e4e07c082d185b,2026-06-01 20:42:38.041074+00:00,fr,radio-canada.ca,radio-canada.ca,2026-06-01,Un départ fracassant pour Backrooms au box-office,https://ici.radio-canada.ca/nouvelle/2258341/backrooms-film-horreur-succes-box-office
2c61801a09f2f1ff96c768a617497d3eed78f5df729926feb8bae5fde419a42d,2026-05-30 20:18:24.688632+00:00,en,thestar.com,thestar.com,2026-05-30,Sinister ‘backrooms’ are the stuff of online and movie nightmares. And Toronto has got its own,https://www.thestar.com/entertainment/movies/sinister-claustrophobic-backrooms-are-the-stuff-of-online-nightmares-now-the-phenomenons-gone-hollywood--heres-why/article_977a0944-69d9-47d9-9b7f-6ff5851af00c.html
66d09e4e024621a8aa814b4558610f22440747b252e57dd62f9dfb953f0bf3f3,2026-05-29 16:24:19.520222+00:00,fr,radio-canada.ca,radio-canada.ca,2026-05-29,"Né sur 4chan, propulsé au cinéma : l’incroyable ascension de Backrooms",https://ici.radio-canada.ca/nouvelle/2257591/backrooms-a24-film-horreur
c062fa942dd35e28f2570da583d09b85770e6b691d6c2c3da2ba2815e7448d41,2026-05-29 14:33:43.600849+00:00,fr,lapresse.ca,lapresse.ca,2026-05-29,"Backrooms, de Kane Parsons",https://www.lapresse.ca/cinema/entrevues/2026-05-29/backrooms-de-kane-parsons/le-mystere-des-chambres-jaunes.php
87aecd045d9ee9c56efe98a3b63cc06ef884ec7b5c94e99d19b7d6b70174f178,2026-05-29 12:51:58.976709+00:00,en,theglobeandmail.com,theglobeandmail.com,2026-05-29,Backrooms brings the internet horror trend behind liminal spaces to life,https://www.theglobeandmail.com/culture/film-and-tv/film/article-backrooms-brings-the-internet-horror-trend-behind-liminal-spaces-to/
86367eda83e8184004cdf1886b706866172545c3c6e269076b246e3ea76e76ce,2026-05-27 15:54:55.948232+00:00,en,thestar.com,thestar.com,2026-05-27,Movie Review: ‘Backrooms’ goes from internet meme to the big screen,https://www.thestar.com/entertainment/movies/movie-review-backrooms-goes-from-internet-meme-to-the-big-screen/article_3065c49e-939d-5f4d-b9a6-adc552f2be1d.html
d6bf2f2def057d85fb0c6e51e19b5dd94dcc728f519f14869d694e93d269df78,2026-05-18 16:46:03.969994+00:00,fr,radio-canada.ca,radio-canada.ca,2026-05-18,"Les youtubeurs, nouveaux maîtres du cinéma d’horreur?",https://ici.radio-canada.ca/nouvelle/2254826/youtubeurs-nouveaux-cinema-horreur
2b07db2661e738c04363e3b47b757813276660f369f7234482877e46597db822,2026-04-08 23:38:07.069511+00:00,en,theglobeandmail.com,theglobeandmail.com,2026-04-08,Pop siren Lily Allen brings her sublime West End Girl show to Toronto,https://www.theglobeandmail.com/culture/music/article-pop-siren-lily-allen-brings-her-sublime-west-end-girl-show-to-toronto/
821605b291ecb6333ab818b3cbc3de86f19d0e4dfa9bf98fec2ea78e0c7417b5,2026-03-21 04:04:04.882894+00:00,fr,tvanouvelles.ca,tvanouvelles.ca,2026-03-20,"«Chuck Norris a déjà compté jusqu’à l’infini. Deux fois»: comment les «faits» sur l’acteur, décédé à 86 ans, sont devenus un phénomène culturel",https://www.tvanouvelles.ca/2026/03/20/chuck-norris-a-deja-compte-jusqua-linfini-deux-fois-comment-les-faits-sur-lacteur-decede-a-86-ans-sont-devenus-un-phenomene-culturel
945529302e5e31a7b6d5829d7b41558fad51a8578c77ad816749568982636318,2026-02-27 13:21:43.856359+00:00,fr,radio-canada.ca,radio-canada.ca,2026-02-27,"Non, ces courriels des dossiers Epstein ne prouvent pas le « Pizzagate »",https://ici.radio-canada.ca/nouvelle/2232751/dossiers-epstein-faux-pizzagate-courriels
1875d71b93d11a1c2200ae28e59c64e6314116444a359d79ccf9d894802590ba,2026-02-20 13:43:36.971994+00:00,en,theglobeandmail.com,theglobeandmail.com,2026-02-20,"Lately: Zuckerberg on trial, Clavicular explained and the looming RAMegeddon",https://www.theglobeandmail.com/business/article-lately-zuckerberg-on-trial-clavicular-explained-and-the-looming/
ac103cb321f7df936a14b45e09f112e4ab49635bc95a28bf467b71a3b32ff7a3,2026-02-12 05:30:50.005940+00:00,en,theglobeandmail.com,theglobeandmail.com,2026-02-11,"In the wake of the Tumbler Ridge shooting, false claims about trans people spread online",https://www.theglobeandmail.com/life/article-tumbler-ridge-shooting-false-claims-transgender-online/
3d9661e509231e48f1d4bb7e91f078ce64c5310270861c77f2e968d57cb07e77,2026-02-09 21:17:21.209541+00:00,en,theglobeandmail.com,theglobeandmail.com,2026-02-09,Any new online harms bill must stick to protecting kids – not policing speech,https://www.theglobeandmail.com/opinion/article-online-harms-bill-c-63/
5f332786e297146ddde14a53822d5d223937c03237a0222ed475e1bf6dc56471,2026-01-27 20:19:54.359355+00:00,en,theglobeandmail.com,theglobeandmail.com,2026-01-26,Canadian man charged in 2021 GOP hacking case says he’s in jail for allegedly breaching bail,https://www.theglobeandmail.com/business/economy/article-aubrey-cottle-anonymous-hacker-texas-republican-cyberattack/
7047026ece9174531b1611599e1a936156f4f239e2d7a2fa3f1e08ba993c84de,2026-01-17 20:30:42.543851+00:00,en,theglobeandmail.com,theglobeandmail.com,2026-01-17,The declining social good of social media,https://www.theglobeandmail.com/opinion/editorials/article-the-declining-social-good-of-social-media/
147dce62fa4d3afb5eef83cf2bba9f9389cacd69994808424e75366247d3665b,2026-01-17 03:19:49.050902+00:00,fr,ledevoir.com,ledevoir.com,2026-01-17,Pourquoi des jeunes sont déjà nostalgiques de l'année 2016? sur les réseaux sociaux,https://www.ledevoir.com/actualites/societe/948849/pourquoi-cette-nostalgie-2016-reseaux-sociaux
7b885fd1597bed50526e01054b8ee2ef5ff710c7e0f3cca6a7906a680cf28915,2025-11-07 20:27:38.243865+00:00,fr,tvanouvelles.ca,tvanouvelles.ca,2025-11-07,"Zohran Mamdani, le nouveau maire de New York, faussement accusé de liens avec le groupe État islamique",https://www.tvanouvelles.ca/2025/11/07/zohran-mamdani-le-nouveau-maire-de-new-york-faussement-accuse-de-liens-avec-le-groupe-etat-islamique
c3b1449eb8515ceb4d6a51f492bf35a49c8d74cfabf5411924b0e849a6d0a913,2025-11-07 13:17:41.234077+00:00,fr,lapresse.ca,lapresse.ca,2025-11-07,Zohran Mamdani faussement accusé de liens avec le groupe État islamique,https://www.lapresse.ca/international/etats-unis/2025-11-07/zohran-mamdani-faussement-accuse-de-liens-avec-le-groupe-etat-islamique.php?utm_source=rss&utm_medium=fil&utm_campaign=international
8136374c257c62799c06c0fe38605f6126a7df9e657df343473b008fb662741f,2025-10-31 19:44:41.819850+00:00,fr,ledevoir.com,ledevoir.com,2025-10-31,"«West End Girl», Lily Allen",https://www.ledevoir.com/culture/musique/929754/west-end-girl-lily-allen
05724572744c9e3306aa9d97530aa0432a394ab2c475b17a07a4e31a86bb4bf7,2025-09-26 19:34:38.729827+00:00,en,theglobeandmail.com,theglobeandmail.com,2025-09-26,"Lately: Canada’s tech brain drain, Amazon’s US$2.5-billion settlement and sneaky surveillance",https://www.theglobeandmail.com/business/article-lately-canada-tech-brain-drain-amazon-settlement/
4d93d40cf2c490b6f63d9db6fc5cdf4729d5e48851b8422e7e33a4ca66600be8,2025-09-20 20:18:07.184164+00:00,en,theglobeandmail.com,theglobeandmail.com,2025-09-19,Charlie Kirk suspect’s alleged trolling is the latest example of mass violence as a meme,https://www.theglobeandmail.com/life/social-trends/article-charlie-kirk-tyler-robinson-alleged-motives-trolling-mass-shootings/
d5d5c11e60a7c97d0422205d04be6f02fc2e9c59865c23545bd2fa31cb20ae18,2025-08-08 23:46:30.427628+00:00,en,thestar.com,thestar.com,2017-07-05,Photographer Ren Bostelaar avoids criminal record after posting revealing pictures of women without consent,https://www.thestar.com/news/gta/2017/07/05/photographer-ren-bostelaar-avoids-criminal-record-after-posting-revealing-pictures-of-women-without-consent.html
75657051f21fe74337e456ed994df548e980dcce4344b85896f7e4e9be852c8b,2025-08-08 23:00:05.740547+00:00,en,globalnews.ca,globalnews.ca,2017-07-05,No charges for Toronto photographer accused of posting women’s photos without consent,http://globalnews.ca/news/3577340/ren-bostelaar-photos-consent-peace-bond/
e8af0510d14a467561536281a685e8db4e9423c989aaa0aa4be24c680c6cf27a,2025-08-08 22:53:36.945479+00:00,en,thestar.com,thestar.com,2017-07-06,What Rob Kardashian did to Blac Chyna on Instagram may be ‘revenge porn’ — and illegal,https://www.thestar.com/entertainment/2017/07/06/what-rob-kardashian-did-to-blac-chyna-on-instagram-may-be-revenge-porn-and-illegal.html
fde935e7570e55351e4ba1f02bffa651f7e202d0c1aa3c279c63702893da162e,2025-08-08 08:12:15.060136+00:00,fr,lapresse.ca,lapresse.ca,2017-07-21,Dans le sombre univers du dark Web... | Jean-Frédéric Moreau,http://www.lapresse.ca/le-soleil/actualites/societe/201707/21/01-5118342-dans-le-sombre-univers-du-dark-web.php
121480074edb8faa3012ba3ad0f077516afa919daab4b427caea1b3bfad18de6,2025-08-07 00:49:09.841473+00:00,en,globalnews.ca,globalnews.ca,2017-08-26,"Contrary to reports, nobody is digging up real Confederates, or is likely to",http://globalnews.ca/news/3681212/digging-up-confederates/
afb47aa85c0aa18848de74a028275fdb75cae05f7bf1fd80af128b0d1ea571f3,2025-08-05 17:21:36.291026+00:00,fr,tvanouvelles.ca,tvanouvelles.ca,2017-10-03,Les géants d'internet ont laissé passer des fausses nouvelles sur Las Vegas,http://www.tvanouvelles.ca/2017/10/03/les-geants-dinternet-ont-laisse-passer-des-fausses-nouvelles-sur-las-vegas
ee55f003c76cb2eb4bcb5d80ac2fb9cab5e33238bcccb75f60b9ed43f3c49478,2025-08-05 17:21:14.832935+00:00,en,ctvnews.ca,ctvnews.ca,2017-10-02,"False news of the Vegas attack spread on Google, Facebook",http://www.ctvnews.ca/sci-tech/false-news-of-the-vegas-attack-spread-on-google-facebook-1.3616318
12194904e56a9463419a43adf98bc6eb445f47135792c21157c4ca71198fe218,2025-08-05 16:36:06.615243+00:00,en,nationalpost.com,nationalpost.com,2017-10-03,"False news about Vegas shooter being a Democrat and ‘far left loon’ spread on Google, Facebook",http://nationalpost.com/news/world/false-news-about-vegas-shooter-being-a-democrat-and-far-left-loon-spread-on-google-facebook
de61bf8b06bdfa5f858d1f7d037f834b880c1d431baecc73af660dcc6674e13e,2025-08-05 16:31:22.958243+00:00,en,ctvnews.ca,ctvnews.ca,2017-10-02,Las Vegas latest: Officials update number of firearms found,http://www.ctvnews.ca/world/las-vegas-latest-death-roll-rises-to-58-1.3614896
c02713461f14b4869b29004579405109521e1909bcb667565062ac1fe609047d,2025-08-05 15:58:00.943342+00:00,en,globalnews.ca,globalnews.ca,2017-10-04,"Search ‘Las Vegas shooting’ on YouTube, and a conspiracy theory might show up first",https://globalnews.ca/news/3786366/search-for-las-vegas-shooting-on-youtube-and-a-conspiracy-theory-might-show-up-first/
e50d92fb694d2c095a90769bf15e8030279d81463c871cac20b4569e1c054a0f,2025-08-05 15:57:35.686770+00:00,en,globalnews.ca,globalnews.ca,2017-10-04,"Search ‘Las Vegas shooting’ on YouTube, and a conspiracy theory might be the first hit",https://globalnews.ca/news/3786366/las-vegas-shooting-youtube-conspiracy-theory/
34b0d0559d75d1172e929f3010fb47784a06cb8ac405ffac8ababe3e2304b00f,2025-08-04 10:08:38.280728+00:00,en,globalnews.ca,globalnews.ca,2017-11-03,Signs intended to create racial tension posted at University of Toronto,https://globalnews.ca/news/3843158/signs-intended-to-create-racial-tension-posted-at-university-of-toronto/
72517db0b5e987c030f803f5685388e101e1e839448957621cb3239e668f44c2,2025-08-02 10:08:29.892880+00:00,en,globalnews.ca,globalnews.ca,2017-12-21,"Antifa gets blamed for everything, including this week’s fatal Amtrak crash",https://globalnews.ca/news/3922277/antifa-amtrak-train-crash-fake-news/
9c95ad61cbc9c260eca8291c4fb8b06df875caa3c609cb83affdb73678e12726,2025-08-02 01:36:29.686184+00:00,en,globalnews.ca,globalnews.ca,2017-12-29,Fake news stories blame Muslims as well as Antifa for Amtrak crash,https://globalnews.ca/news/3931258/muslim-terrorist-amtrak-derailment/
f74fc36695718eda25e8637358af4f2cc7b4b08af9d52cd4bdc8b927e8d92005,2025-08-01 23:19:20.990513+00:00,en,cbc.ca,cbc.ca,2025-08-01,A controversial dating app for women was hacked. Why is Tea still so popular?,https://www.cbc.ca/news/canada/women-dating-app-tea-hacked-1.7598356?cmp=rss
40dd34df899464ab41c0cd59927a6d2dd1c7eb854781e8211e4e11f52644bf3a,2025-07-31 01:06:14.907953+00:00,en,globalnews.ca,globalnews.ca,2018-02-03,"When a train hit that garbage truck in Virginia, the Fake News sites pounced",https://globalnews.ca/news/3992733/gop-train-crash-virginia-fake-news/
82addf181297ab91fa7c1085c912ebd5ada50a585d4b03be4a1627ab8ba31601,2025-07-30 17:05:17.600008+00:00,en,globalnews.ca,globalnews.ca,2017-10-02,Las Vegas shooting: Site with White House press credentials falsely brands Trump foe as gunman,https://globalnews.ca/news/3779775/las-vegas-shooting-geary-danley-falsely-accused/
117a85d356b515209a8eab84e88cb1a26a1bb3ca90abbd38844abd98353e1f4b,2025-07-30 10:21:17.840847+00:00,en,thestar.com,thestar.com,2018-02-14,Beyond the Secret Sperm: Obama painting gives us many brushes with conspiracy,https://www.thestar.com/entertainment/opinion/2018/02/14/beyond-the-secret-sperm-obama-painting-lets-us-brush-up-on-conspiracy-theories.html
908f50222ecfe79ac9b2b0cac338f1fc94c8746d28f3204d8d9bea603fd15aef,2025-07-30 06:52:31.014510+00:00,en,globalnews.ca,globalnews.ca,2018-02-17,"We tried a digital voice-mimicking site. It works, but not convincingly – so far",https://globalnews.ca/news/4019924/digital-voice-mimicking/
f0e1ee6536b90bf6d242178cdc4c99cac61f21ef5efaf1fcf182aa54eddb1893,2025-07-30 00:09:39.183568+00:00,en,thestar.com,thestar.com,2018-02-22,How a despicable Parkland conspiracy video hit No. 1 on YouTube,https://www.thestar.com/news/world/2018/02/22/how-a-despicable-parkland-conspiracy-video-hit-no-1-on-youtube.html
e46ab35cf7b4c55bed14e6f907db8b44d820a1a54d1c58183268da0c71510818,2025-07-29 23:56:36.616649+00:00,en,thestar.com,thestar.com,2018-02-22,‘Your brain is not functioning’: Jimmy Kimmel rips Parkland conspiracy theorists and Donald Trump Jr.,https://www.thestar.com/news/world/2018/02/22/your-brain-is-not-functioning-jimmy-kimmel-rips-parkland-conspiracy-theorists-and-donald-trump-jr.html
ed4f9ee240b951a3d067015dac716649359396fc31301f40e6217203d071b3eb,2025-07-29 21:13:34.998287+00:00,en,thestar.com,thestar.com,2018-02-24,U of T student group says racial violence and harassment a health and safety issue,https://www.thestar.com/news/gta/2018/02/24/u-of-t-student-group-says-racial-violence-and-harassment-a-health-and-safety-issue.html
c6065ab46a8bedd28180c17f0f1772bb67098ff685d65e6139c29f102ac5d4f7,2025-07-29 04:08:05.260106+00:00,en,globalnews.ca,globalnews.ca,2018-03-09,Alan Cross’ weekly music picks: So much to choose from,https://globalnews.ca/news/4070365/alan-cross-weekly-music-picks-march-9/
7e725acab8932d2f313e22f63b44e0d5f295a9a91fb7553b1288894d6490ef1a,2025-07-27 10:29:05.243461+00:00,fr,radio-canada.ca,radio-canada.ca,2025-07-27,Une application censée protéger les femmes échappe les données de ses utilisatrices,https://ici.radio-canada.ca/nouvelle/2181913/tea-4chan-application-fuite-donnees
784b714f962b8aa6b5589c59f919ca2f39ed5f6a81890d33a2a9212842138a6d,2025-07-27 06:35:35.775980+00:00,fr,tvanouvelles.ca,tvanouvelles.ca,2018-04-24,Que signifie le dernier message d’Alek Minassian?,http://www.tvanouvelles.ca/2018/04/24/que-signifie-le-dernier-message-dalek-minassian
fc17b0bbb817a52ae7226239cca8ac6627934c665fae91eb2335a734f7cd31b3,2025-07-27 06:01:49.371284+00:00,en,cbc.ca,cbc.ca,2018-04-25,"How the misogynistic, insular world of 'incels' may have inspired the Toronto van attack",http://www.cbc.ca/news/canada/what-is-an-incel-toronto-van-attack-explainer-alek-minassian-1.4633893
90442875b59da2c6fc262ff1db70ab61ef7828784fccb9b6167f3b2dcb8e935e,2025-07-27 05:53:48.795364+00:00,en,cbc.ca,cbc.ca,2018-04-25,"How the misogynistic, insular world of 'incels' may have inspired the Toronto van attack",http://www.cbc.ca/news/canada/what-is-an-incel-toronto-van-attack-explainer-alek-minassian-1.4633893?cmp=rss
b5c39603ea06dc0388f128018388709698bd857d6e44aea672f4158cffa3eb74,2025-07-27 05:35:55.450525+00:00,en,cbc.ca,cbc.ca,2018-04-25,Van attack prompting 'talk about misogyny' as motive,http://www.cbc.ca/news/canada/toronto/toronto-van-attack-1.4634692?cmp=rss
044f988e9cdb17f365d6044b95220af0efa987fead244781b66f4dfebecfbc00,2025-07-27 05:16:48.906626+00:00,en,thestar.com,thestar.com,2018-04-24,"When a mass killing happens, youth and maleness are worth noting",https://www.thestar.com/opinion/2018/04/24/when-a-mass-killing-happens-youth-and-maleness-are-worth-noting.html
1c86dd0698d640b16cb1c36a8d6114b0e90fe9e85ebe43a519b82a7f87780824,2025-07-27 04:47:56.493145+00:00,en,cbc.ca,cbc.ca,2018-04-27,Fringe internet culture can't stay in the fringes: Opinion,http://www.cbc.ca/news/opinion/fringe-internet-culture-1.4636614?cmp=rss
85b779120410a672e2c5c1c8072a9be3073e506cceda519d9bd81dcbf50e7384,2025-07-27 04:26:40.368380+00:00,en,globalnews.ca,globalnews.ca,2018-04-27,Expert traces link between violent online alt-right fantasies and real-world attacks,https://globalnews.ca/news/4167152/toronto-van-attack-incel-alek-minassian-violence/
401e1e506fa56dc549aec624d4fd7560a572409c59db7f99d0dbd3af0dd7f9ff,2025-07-27 03:48:08.371397+00:00,en,thestar.com,thestar.com,2018-04-28,Shadowy online subculture in spotlight after Toronto van attack,https://www.thestar.com/news/gta/2018/04/28/shadowy-online-subculture-in-spotlight-after-toronto-van-attack.html
fd38c3f15ffbf04df4396f7cbe756a12afbdf6679e805aab835dd8c4e9bccb24,2025-07-27 02:46:41.163241+00:00,en,cbc.ca,cbc.ca,2018-04-30,Toronto attack an opportunity to re-evaluate de-radicalization in Canada,http://www.cbc.ca/news/politics/toronto-van-attack-reradicalization-canada-1.4640801?cmp=rss
e640763b73fb5c1658c79f9dd009d68c973f1eac9e914d3dbcacdea0169c0b47,2025-07-26 20:17:25.554793+00:00,en,thestar.com,thestar.com,2025-07-26,The Tea app was intended to help women date safely. Then it got hacked,https://www.thestar.com/news/world/united-states/the-tea-app-was-intended-to-help-women-date-safely-then-it-got-hacked/article_b066b6f1-d5b8-55a2-a17c-4d0fe17bbf8a.html
d9266504f4c7f495239ba3d7c3fbd04dcc8f0c4da9cb3a27bf76864870c3bb1c,2025-07-26 19:38:34.834127+00:00,en,nationalpost.com,nationalpost.com,2018-05-07,Report: Millions of tweets spread anti-Semitic messages,http://nationalpost.com/pmn/news-pmn/report-millions-of-tweets-spread-anti-semitic-messages
80d7a37d910553d69440465ec9f1fa5df0dd136169cc030e6b088ccba474f92e,2025-07-26 19:08:06.081928+00:00,en,globalnews.ca,globalnews.ca,2018-05-07,Report finds 4.2 million anti-Semitic posts on Twitter in one year,https://globalnews.ca/news/4192166/million-anti-semitic-posts-on-twitter-in-one-year-from-3-million-users/
425190d22878b391c6d15023cbeab62062159c7104c88a3f797f95bc13619296,2025-07-26 13:37:35.718627+00:00,en,thestar.com,thestar.com,2018-05-11,"‘I was like, how did he get a van?’ Inside the life of Alek Minassian, the Toronto van rampage suspect no one thought capable of murder",https://www.thestar.com/news/gta/2018/05/11/i-was-like-how-did-he-get-a-van-inside-the-life-of-alek-minassian-the-toronto-van-rampage-suspect-no-one-thought-capable-of-murder.html
e159cde479127a2b81d7394d110ddeae5f061ceb130cb52849179f4320dc0f26,2025-07-26 04:28:13.499226+00:00,fr,tvanouvelles.ca,tvanouvelles.ca,2025-07-25,Vol de données sur une application de conseil en rencontres amoureuses pour les femmes,https://www.tvanouvelles.ca/2025/07/25/vol-de-donnees-sur-une-application-de-conseil-en-rencontres-amoureuses-pour-les-femmes
392e584d53a5964a6a018d0ae22c1dc95c453346dbfadcea3ddd2368e36f083f,2025-07-25 13:39:28.289846+00:00,en,ctvnews.ca,ctvnews.ca,2017-11-06,'It's okay to be white' signs posted outside schools,http://kitchener.ctvnews.ca/it-s-okay-to-be-white-signs-posted-outside-schools-1.3666093
7ed5bece4da8f0b279d7c18fac452f6d94fe38c5eddd6c82ac1a1b495fd69e2f,2025-07-24 20:21:57.292792+00:00,en,globalnews.ca,globalnews.ca,2018-06-16,"Anthony Bourdain knew too much, viral conspiracy theory claims",https://globalnews.ca/news/4269546/anthony-bourdain-conspiracy/
4da692fd25ee9b99f2b28c8f968a505930bf9429e5308fa5b574adf76a99e43c,2025-07-24 14:30:59.873825+00:00,en,thestar.com,thestar.com,2018-06-20,"CSIS stopped monitoring right-wing extremism months before mosque shooting, watchdog says",https://www.thestar.com/news/canada/2018/06/20/csis-stopped-monitoring-right-wing-extremism-months-before-mosque-shooting-watchdog-says.html
150c5e940b800c53c35f8ea4ef569682c4dc44211410ba9d58b561d97994d59c,2025-07-22 20:14:21.080230+00:00,en,thestar.com,thestar.com,2018-07-24,Rick and Morty creator Dan Harmon deletes Twitter account as online culture wars heat up,https://www.thestar.com/entertainment/2018/07/24/rick-and-morty-creator-dan-harmon-deletes-twitter-account-as-online-culture-wars-heat-up.html
8d508c9dc7d6fcfb56476fb86f115af32fd1f47b5aa84cb7c798356baf1fdf35,2025-07-22 09:14:12.397213+00:00,en,globalnews.ca,globalnews.ca,2018-08-02,QAnon: Behind the conspiracy theory cropping up at Trump rallies,https://globalnews.ca/news/4366914/qanon-conspiracy-theory-trump/
1fb2d21185318620ac9d7c3143debac950d7c662733bbf60a0390f378dd58f38,2025-07-22 08:11:03.278197+00:00,en,thestar.com,thestar.com,2018-08-02,Alex Jones’ lawyer seeks to dismiss defamation suit brought by survivor of school shooting,https://www.thestar.com/news/world/2018/08/02/alex-jones-attorney-seeks-to-dismiss-another-defamation-suit.html
301dfce5af8e6f938cbb691231395b44cd74c4d887db2d9c2eb7c60a0081a97a,2025-07-22 07:13:01.552004+00:00,en,nationalpost.com,nationalpost.com,2018-08-04,‘We are Q’: Who are the shadowy ‘deep state’ conspiracy theorists turning up at Trump rallies?,https://nationalpost.com/news/world/we-are-q-who-are-the-shadowy-deep-state-conspiracy-theorists-turning-up-at-trump-rallies
5f268095de027825abf42db45d0f3700d4f8498c90b309c8373c1c31e21e10f8,2025-07-21 10:25:02.527720+00:00,en,theglobeandmail.com,theglobeandmail.com,2017-09-29,Review: Michael Adams’s Could It Happen Here? explores whether Canada is safe from toxic populism,https://www.theglobeandmail.com/arts/books-and-media/book-reviews/review-michael-adamss-could-it-happen-here-explores-whether-canada-is-safe-from-toxic-populism/article36431266/
4e5646ea222ce28f64505bb2f4d3e00f332f1e614fe53faef0705cf9dcb840fc,2025-07-20 01:39:34.014930+00:00,en,globalnews.ca,globalnews.ca,2018-09-26,Michael Avenatti denies being fooled by 4Chan over Brett Kavanaugh allegations,https://globalnews.ca/news/4487549/michael-avenatti-4chan-prank/
b7f1599617a29cbbe1fbf84932eb4242e66fc139b2f5c123896cb52aee724538,2025-07-19 11:10:59.600870+00:00,en,nationalpost.com,nationalpost.com,2018-10-09,Speak now: Why Taylor Swift finally decided to get political and publicly support U.S. Democrats,https://nationalpost.com/news/world/speak-now-why-taylor-swift-finally-decided-to-get-political-and-publicly-support-u-s-democrats
2e4cf7b0cc94fc210cec5e06c1f39e565b19bc9b68a7f2cd942de299b0b167d7,2025-07-19 09:47:08.669529+00:00,en,cbc.ca,cbc.ca,2017-11-23,It's okay to be white' posters pop up at U of R; security investigating,https://www.cbc.ca/news/canada/saskatchewan/it-s-okay-to-be-white-poster-pops-up-at-u-of-r-security-investigating-1.4415514
fb316e2e8da33aa8ff081624e696736aed1f74d27be4cf1e81bfaf4709a7ce2e,2025-07-19 00:46:53.700472+00:00,en,nationalpost.com,nationalpost.com,2017-10-02,The Latest: Guest next to Vegas gunman’s room ‘shaken’,http://nationalpost.com/pmn/entertainment-pmn/the-latest-concert-attendees-say-gunfire-came-from-hotel
0ca54c64613638adbb79fe459375472f722a4c256400538c94b3bcb427577802,2025-07-19 00:44:17.230748+00:00,en,nationalpost.com,nationalpost.com,2017-07-31,When WWW Trumps IRL: Why it’s now impossible to pretend the internet is somehow less real,http://nationalpost.com/entertainment/books/book-reviews/when-www-trumps-irl-why-its-now-impossible-to-pretend-the-internet-is-somehow-less-real/wcm/a64f40a3-10d5-4b55-bf15-f8ee176d9755
e59a063b6eb8166da71589c43eb8a4e89d773c67e1f3754d81835cd923e845e3,2025-07-18 22:50:58.900638+00:00,en,ctvnews.ca,ctvnews.ca,2017-10-02,Las Vegas latest: Officials update number of firearms found,http://www.ctvnews.ca/world/las-vegas-latest-police-search-las-vegas-shooting-suspect-s-home-1.3614896
9224b03d4de984c4dd0ee7b0f9bb40307f5160118a0839aed4dcec1d86ee7ccf,2025-07-18 18:23:21.688451+00:00,en,globalnews.ca,globalnews.ca,2018-10-21,Michael Avenatti says he doesn’t see many Democrats who could beat Trump in 2020,https://globalnews.ca/news/4579702/michael-avenatti-president-aspirations-2020-trump/
4dc4dd5b7ed1a66d9cb223d45edb5da8c73883f9388c84db0f7db16eed2790cc,2025-07-18 14:55:12.071556+00:00,en,nationalpost.com,nationalpost.com,2018-10-24,NOT REAL NEWS: Photos not of officers injured by migrants,https://nationalpost.com/pmn/news-pmn/not-real-news-photos-not-of-officers-injured-by-migrants
5f987ecec2913fb82412a0cd011df133f042f531f7f4df91e8aedd5d2fbe3712,2025-07-18 11:51:43.946627+00:00,en,nationalpost.com,nationalpost.com,2018-10-27,Suspect in synagogue slayings spewed online hate for Jews,https://nationalpost.com/pmn/news-pmn/suspect-in-synagogue-slayings-spewed-online-hate-for-jews
36274f96108b12fc0e0069db508ad13a12255729c447db6e809779fa91945dd9,2025-07-18 11:51:17.011171+00:00,en,ctvnews.ca,ctvnews.ca,2018-10-27,Synagogue shooting suspect spewed online hate for Jews,https://www.ctvnews.ca/world/synagogue-shooting-suspect-spewed-online-hate-for-jews-1.4152463
e77503b72b7aee626794b5b7eb323b476dc944b29ff8ae6c003d1e3bb0050ca0,2025-07-18 10:16:36.260000+00:00,fr,tvanouvelles.ca,tvanouvelles.ca,2018-10-29,Où en est l'extrême droite américaine?,https://www.tvanouvelles.ca/2018/10/29/ou-en-est-lextreme-droite-americaine
11fe0a42fb24fd63f4f28797f14d7450f0f7c72f706c2c7a0a9e3b1e8f68ff4b,2025-07-18 06:09:25.371584+00:00,en,globalnews.ca,globalnews.ca,2018-11-03,"COMMENTARY: You can lock up perpetrators of hate crimes, but the online vitriol that motivates them only grows",https://globalnews.ca/news/4620294/online-hate-motivates-violence/
966074a56fe5cb85916fbf612553fd85813558df2a372be88bec5e618e628631,2025-07-17 16:48:21.775465+00:00,en,globalnews.ca,globalnews.ca,2017-11-12,"In tragedy’s aftermath, fake news purveyors strike fast, exploiting Google and YouTube",https://globalnews.ca/news/3842312/fake-news-link-container-2/
48d50105ac6028951ba702f2db6a18ff4db06abf593b1ebbe5c673d71002b0f9,2025-07-17 16:47:33.755069+00:00,en,globalnews.ca,globalnews.ca,2017-10-07,"Las Vegas shootings: Cranks and opportunists create fake news, but algorithms spread it",https://globalnews.ca/news/3776639/las-vegas-google-facebook-youtube-fake-news/
16af76a06de488c633ae9c7af82bdc7c0396c66bc8956b86883ae59d4e822ea5,2025-07-13 17:10:06.632757+00:00,en,nationalpost.com,nationalpost.com,2017-07-31,When WWW Trumps IRL: Why it’s now impossible to pretend the internet is somehow less real,https://nationalpost.com/entertainment/books/book-reviews/when-www-trumps-irl-why-its-now-impossible-to-pretend-the-internet-is-somehow-less-real
f6f2284bde198defe2390bad2b3e9f23f9502496a7520e3001fea822297c139e,2025-07-13 14:44:10.348228+00:00,en,cbc.ca,cbc.ca,2018-04-24,Toronto attack an opportunity to re-evaluate de-radicalization in Canada,http://www.cbc.ca/news/politics/toronto-van-attack-reradicalization-canada-1.4640801
b434379b427b298f2a0295f3f8ba96bbea1eb557d4ef84b45489973a8443a2a0,2025-07-12 23:58:54.079092+00:00,fr,radio-canada.ca,radio-canada.ca,2019-01-18,pourquoi la désinformation n'est jamais positive,http://ici.radio-canada.ca/nouvelle/1147437/fonte-glacier-10yearschallenge-fausses-nouvelles-image-virale
5739fe0bc476b7c8354d479236cb30e477f98f09c30fb7d7d66a68f28c2f275e,2025-07-12 06:54:09.980653+00:00,en,globalnews.ca,globalnews.ca,2019-04-09,"Faith Goldy banned from Facebook after site enforces extremism, hate policy — now what?",https://globalnews.ca/news/5145601/extremist-content-banned-from-facebook/
71c3679e6feab12ac7592d39299eb873de969eed78e124483ce27f7c02e2d4b5,2025-07-12 06:52:48.229044+00:00,en,globalnews.ca,globalnews.ca,2019-04-09,"Faith Goldy banned from Facebook after site enforces extremism, hate policy — now what?",https://globalnews.ca/news/5145601/faith-goldy-facebook-extremism-hate-policy/
630372d2a38985b4e85a80885fed748f58b7558f0575214cfaad11e39173363d,2025-07-11 15:20:07.924324+00:00,en,ctvnews.ca,ctvnews.ca,2019-04-16,Fact check: Notre Dame fire conspiracy theories debunked,https://www.ctvnews.ca/world/fact-check-notre-dame-fire-conspiracy-theories-debunked-1.4382145
ecff5b61a73ba9464c8306b0cfc8b33ced0a54972af69e54687700c1e6102a05,2025-07-10 09:32:26.818169+00:00,fr,radio-canada.ca,radio-canada.ca,2025-07-10,Quand l’IA d’Elon Musk s’inspire des néonazis,https://ici.radio-canada.ca/nouvelle/2178475/grok-neonazi-elon-musk-antisemitisme-conspirations
64b71744c1dff81a9cb3f74a6e5a27d8afc31bbb0925205365a18403fd02c7f1,2025-07-09 21:25:33.760556+00:00,en,nationalpost.com,nationalpost.com,2019-01-11,Is the pony ride over? How the bronies are growing up,https://nationalpost.com/entertainment/my-little-pony-bronies
a1b7391b3ce7c623025b704d134c3eccb2d65796f655440e801e60c2fe3795f2,2025-07-09 10:24:09.455140+00:00,en,thestar.com,thestar.com,2019-01-28,Secluded Muslim community draws out the worst online,https://www.thestar.com/news/world/us/2019/01/28/secluded-muslim-community-draws-out-the-worst-online.html
0d88a8255b62593c687849e27b052df60a5eb0d090f8c497c12550ed17f26338,2025-07-09 10:22:53.947440+00:00,en,cbc.ca,cbc.ca,2019-01-25,Why incels are a 'real and present threat' for Canadians,https://www.cbc.ca/news/canada/incel-threat-canadians-fifth-estate-1.4992184?cmp=rss
d3727153364c6e79dd45e4ba6bcd18f07144379e342776dd18b5f3d21a721791,2025-07-09 02:23:40.501962+00:00,fr,lapresse.ca,lapresse.ca,2018-04-25,"«La rébellion incel a déjà commencé», a écrit l'auteur de l'attaque à Toronto",http://www.lapresse.ca/actualites/justice-et-faits-divers/faits-divers/201804/25/01-5162363-attaque-a-toronto-la-rebellion-incel-a-deja-commence-a-ecrit-alek-minassian.php
d9ed8a9ab8166a3544a6500d6e8457d851b393b7a624c35fd7a801259eca4e91,2025-07-09 01:18:32.828688+00:00,en,cbc.ca,cbc.ca,2017-10-04,New York Times tech columnist wants online platforms to prevent misinformation spreading during breaking news,http://www.cbc.ca/news/canada/british-columbia/new-york-times-tech-columnist-wants-online-platforms-to-prevent-misinformation-spreading-during-breaking-news-1.4328015?cmp=rss
20b43c477083a709173f8eeaf9537238ee7c3de040aba4e93926dcff1a480bfc,2025-07-09 01:09:57.743307+00:00,en,cbc.ca,cbc.ca,2017-11-23,It's okay to be white' posters pop up at U of R; security investigating,http://www.cbc.ca/news/canada/saskatchewan/it-s-okay-to-be-white-poster-pops-up-at-u-of-r-security-investigating-1.4415514?cmp=rss
a853a682f0393d16ec8c08cd4b82d53a3f023fbd12140d25bf4a3e9e2bedc3a6,2025-07-06 20:55:20.666895+00:00,en,thestar.com,thestar.com,2019-03-14,Tucker Carlson says he’s the victim of a powerful bully. Meet the 24-year-old who found the tapes,https://www.thestar.com/news/world/2019/03/14/tucker-carlson-says-hes-the-victim-of-a-powerful-bully-meet-the-24-year-old-who-found-the-tapes.html
335038baadde699c35153dfb604e60fb61cd7b242b301464f5ca045945a10154,2025-07-06 19:40:33.012805+00:00,en,ctvnews.ca,ctvnews.ca,2019-03-15,Why is 'PewDiePie' trending after the New Zealand shootings?,https://www.ctvnews.ca/world/why-is-pewdiepie-trending-after-the-new-zealand-shootings-1.4337450
dfb831dda1dfde169d04e04447397fbd1c8c0bac6d4c4348cfb38a8787d59df2,2025-07-06 19:20:21.957176+00:00,en,nationalpost.com,nationalpost.com,2019-03-15,"What is 8chan, and why did the New Zealand shooter use it to announce himself to the world?",https://nationalpost.com/news/world/what-is-8chan-and-why-did-the-new-zealand-shooter-use-it-to-announce-himself-to-the-world
db39dee1e49448f862e61fdab69db013ff04c84e3b55a9f413e58d2c7cc3bcf9,2025-07-06 19:11:05.463409+00:00,en,thestar.com,thestar.com,2019-03-15,The massacre in New Zealand was made to go viral,https://www.thestar.com/opinion/contributors/2019/03/15/the-massacre-in-new-zealand-was-made-to-go-viral.html
52c448f433c847fb9f1cf7ac9348eb0673ca057f13f8ce415976e5d955e09580,2025-07-06 19:09:41.877367+00:00,fr,tvanouvelles.ca,tvanouvelles.ca,2019-03-15,"La propagation de la vidéo du massacre de Christchurch, défi pour les plateformes internet",https://www.tvanouvelles.ca/2019/03/15/la-propagation-de-la-video-du-massacre-de-christchurch-defi-pour-les-plateformes-internet
786cfa70ba1f0be501f4cb9dfcf9b6188e201c8e6c522ad15c297b55cfc9e0b0,2025-07-06 19:05:47.625863+00:00,en,thestar.com,thestar.com,2019-03-15,"Facebook, YouTube, Twitter Scramble to Remove Video of New Zealand Mosque Shooting",https://www.thestar.com/wsj/technology/2019/03/15/facebook-video-of-mosque-killings-reveals-gaps-in-monitoring.html
47f1ca237b50390938367cdb4ee2e842c5a93145b4dcf85a536ee5ddf6b6e809,2025-07-06 17:03:49.100259+00:00,en,thestar.com,thestar.com,2019-03-17,New Zealand Massacre Video Clings to the Internet's Dark Corners,https://www.thestar.com/wsj/world/2019/03/17/new-zealand-massacre-video-clings-to-the-internets-dark-corners.html
6f577c09e57f62180e1d5146b9840fe38015695d8b69ea123ec2eb28adba43e4,2025-07-06 16:08:49.766280+00:00,en,ctvnews.ca,ctvnews.ca,2017-10-02,Las Vegas latest: Officials update number of firearms found,https://www.ctvnews.ca/world/las-vegas-latest-officials-update-number-of-firearms-found-1.3614896
b3ed638b5f8d03338e04813d644f668d62dcf9f4113f103b240b76a7952e20b1,2025-07-06 15:15:06.477249+00:00,en,nationalpost.com,nationalpost.com,2019-03-15,"What is 8chan, and why did the New Zealand shooter use it to announce himself to the world?",https://nationalpost.com/news/world/what-is-8chan-and-why-did-the-new-zealand-shooter-use-it-to-announce-himself-to-the-world?video_autoplay=true
0ed647a53a02e945cba966a3ccb2e3a784e4bb15f7e4b0025990ded0a55f287a,2025-07-06 15:09:16.961269+00:00,en,globalnews.ca,globalnews.ca,2019-03-19,"No one reported New Zealand mosque shooting video while it was live, Facebook says",https://globalnews.ca/news/5071050/new-zealand-mosque-shooting-video-facebook-live/
d82cfa18fb54f40bfb3e7040c1e8c1745a5bf427b257cdac43aa5d916b60985c,2025-07-06 14:25:04.253949+00:00,en,cbc.ca,cbc.ca,2019-03-18,"Despite Trump's view, white nationalism is a growing threat, data shows",https://www.cbc.ca/news/world/trump-invasion-rhetoric-new-zealand-data-white-nationalism-1.5061919?cmp=rss
d27564d2ded5e7d0cc52b3e89b361801fc4b7807aa3b6af9df0ec471d7c2a770,2025-07-06 13:25:08.790618+00:00,en,thestar.com,thestar.com,2019-03-20,"After New Zealand Shooting, Founder of 8chan Expresses Regrets",https://www.thestar.com/wsj/business/2019/03/20/after-new-zealand-shooting-founder-of-8chan-expresses-regrets.html
7fa2f025ecd9c74aeb13b503a6d12e2794294d2510c6885eba211608f2e4eb2d,2025-07-06 12:18:34.386047+00:00,en,globalnews.ca,globalnews.ca,2019-03-21,Canada considering forcing social media companies to remove extremist content,https://globalnews.ca/news/5075658/right-wing-extremism-online-social-media-block/
79cb9b568f3f79fc1fdafc03a76b88684bf492e0871c89ed3649d1805b766680,2025-07-06 11:22:16.294407+00:00,en,ctvnews.ca,ctvnews.ca,2019-03-22,Teen charged with making racist threats in Charlottesville,https://www.ctvnews.ca/world/teen-charged-with-making-racist-threats-in-charlottesville-1.4348104
13f63e1dfa86ca730dc0d6a721ddb287d3b661b8822d28b99fea657d3118bb48,2025-07-06 10:43:58.806026+00:00,en,globalnews.ca,globalnews.ca,2019-03-23,How a toxic ‘fight club’ of internet trolls enabled the New Zealand mosque shooting,https://globalnews.ca/news/5084158/new-zealand-mosque-shooting-video-8chan/
19e5b46f77cfcc09285c9459ed1a8cbae4002ce64981c866f1cfe65b4be4ebb5,2025-07-06 05:05:41.688908+00:00,en,thestar.com,thestar.com,2019-03-27,Stickers linked to white supremacist movement pop up in Whitby,https://www.thestar.com/news/gta/2019/03/27/stickers-linked-to-white-supremacist-movement-pop-up-in-whitby.html
8f89b3ea81b809f2387cd75694e0fcf36619a2e1128d8903b47205e54b67f37d,2025-07-06 02:29:27.389762+00:00,fr,radio-canada.ca,radio-canada.ca,2019-03-21,Des forums en ligne berceaux de sous-cultures violentes,http://ici.radio-canada.ca/premiere/emissions/gravel-le-matin/segments/entrevue/110821/internet-forums-jeff-yates-marie-eve-tremblay-sous-culture
d37198e1814fb82785469b86358652b80f698afa4b2f4dd7e7b6b5b7f1f99068,2025-07-05 20:06:46.339018+00:00,fr,radio-canada.ca,radio-canada.ca,2019-03-26,Le dark web et les bas-fonds d’Internet,https://ici.radio-canada.ca/premiere/premiereplus/societe/6108/ca-sexplique-balado-info-alexis-de-lancer/episodes/430125/tor-deep-web-4chan-8chan-definition
bd027253f54fc37a6d84b63f6e802c03942a1594056891215d4d65a4040a28a1,2025-07-05 18:51:24.217474+00:00,fr,lapresse.ca,lapresse.ca,2019-04-04,Contenus extrémistes sur les réseaux sociaux: l'Australie adopte des lois controversées,https://www.lapresse.ca/affaires/techno/201904/04/01-5220818-contenus-extremistes-sur-les-reseaux-sociaux-laustralie-adopte-des-lois-controversees.php
c4a0ba14eb490f095ceaa8bfa3fd994169a4bc8c8a43226749a1dcd1fa100b8c,2025-07-05 16:56:59.152295+00:00,en,globalnews.ca,globalnews.ca,2019-04-10,"Facebook banned white nationalist accounts, but it’s hard to actually keep them offline",https://globalnews.ca/news/5150913/facebook-white-nationalist-accounts-reappear/
663589cb2e091829e8aaebff02ec08707935943e4b2df2616354a6428ba07252,2025-07-05 10:26:13.285502+00:00,en,globalnews.ca,globalnews.ca,2019-04-23,"One year after Toronto van attack, experts say outrage over incel movement ‘forgotten’",https://globalnews.ca/news/5185600/toronto-van-attack-incel-ideology-movement/
a889d38f1b7efa4a33fd57bbf94aec020488370dd605b47c361cbe85439b2d28,2025-07-05 10:26:13.220047+00:00,en,globalnews.ca,globalnews.ca,2019-04-23,Toronto van attack one year later: How has the city boosted security?,https://globalnews.ca/news/5191513/toronto-van-attack-enhanced-security/
6517b50dee24a4c8df680ee977bff84006d4338356630730190c0db987e0cf40,2025-07-05 09:50:31.530984+00:00,en,nationalpost.com,nationalpost.com,2019-04-24,Terry Glavin: It’s all about hate and bloodlust that’s never sated,https://nationalpost.com/opinion/terry-glavin-its-all-about-hate-and-bloodlust-thats-never-sated
2d917208dd7a086241eddea3d1168fdf4250c3a9fb947e08cb6c0ec104039dd5,2025-07-05 09:28:52.130576+00:00,en,globalnews.ca,globalnews.ca,2019-04-25,How social media is helping white supremacist movements,https://globalnews.ca/news/5201884/how-social-media-is-helping-white-supremacist-movements/
671256999a8125be91d0d8490bc636563a2a568fc2a1d35b8ca10be1077ddd42,2025-07-04 20:29:51.473295+00:00,en,thestar.com,thestar.com,2019-05-10,"As Zuckerberg visits, France threatens new rules on Facebook",https://www.thestar.com/news/world/europe/2019/05/10/facebook-and-france-haggle-over-regulating-online-hate.html
1d8cba44c2394d4ba8168e6d6389376ce77405b8820e4cb77da25dfff6b2c4c3,2025-07-04 20:13:32.220789+00:00,en,cbc.ca,cbc.ca,2019-05-10,"France demands Facebook crackdown on extremism, as Zuckerberg and Macron meet in Paris",https://www.cbc.ca/news/technology/facebook-france-macron-zuckerberg-1.5130721?cmp=rss
3a2eccfcaa1579da068626745a9201fd860c106b1040c5f6a771a4e6e9bf76da,2025-07-04 19:29:21.136570+00:00,fr,lapresse.ca,lapresse.ca,2019-05-11,"Mouvements de suprémacistes blancs: l'internationale des loups solitaires | AGNÈS GRUDA, MARC THIBODEAU",https://www.lapresse.ca/actualites/national/201905/10/01-5225670-mouvements-de-supremacistes-blancs-linternationale-des-loups-solitaires.php
bc3fd1d1de2f1f28659cc8e9bfba242b82fb09538f69fa0d4aa3bd23f7090629,2025-07-04 15:19:47.345851+00:00,fr,tvanouvelles.ca,tvanouvelles.ca,2019-05-15,"Après l'incendie de Notre-Dame, deux victimes de la haine en ligne témoignent",https://www.tvanouvelles.ca/2019/05/15/apres-lincendie-de-notre-dame-deux-victimes-de-la-haine-en-ligne-temoignent
893abc6726e56afb1e86c895c3d881e709a62c145d5b7ddb75a82a670a13cda5,2025-07-03 23:01:38.070016+00:00,en,thestar.com,thestar.com,2019-05-29,"Why old, false claims about Canadian Muslims are resurfacing online",https://www.thestar.com/politics/federal/2019/05/29/on-the-internet-old-false-claims-are-new-again.html
d3d0daa0fbca2805ed536f4ad8d9efa980820baa9b7648e0a5635df5d1bc490a,2025-07-02 11:48:10.503737+00:00,en,cbc.ca,cbc.ca,2018-01-20,Holy covfefe! President Trump's year in tweets,https://www.cbc.ca/radio/day6/episode-373-trump-s-year-in-tweets-impeach-o-meter-diplomacy-on-ice-e-waste-and-more-1.4489635/holy-covfefe-president-trump-s-year-in-tweets-1.4489680?utm_content=bufferd4a75&utm_medium=social&utm_source=twitter.com&utm_campaign=buffer
c2b5f947abf7c3a247d5fd5de3dcdc10b58d74dda1309aa308ca5d62a4b9ce2d,2025-07-01 17:34:39.480124+00:00,en,theglobeandmail.com,theglobeandmail.com,2018-01-19,Social networks are creating a global crisis of democracy,https://www.theglobeandmail.com/opinion/niall-ferguson-social-networks-and-the-global-crisis-of-democracy/article37665172/?cmpid=rss1
900f919c411a6048e5af88abf33176ca4f861f2484614ae24761ae8b4e042be9,2025-07-01 14:45:02.103909+00:00,en,theglobeandmail.com,theglobeandmail.com,2018-01-19,Social networks are creating a global crisis of democracy,https://www.theglobeandmail.com/opinion/niall-ferguson-social-networks-and-the-global-crisis-of-democracy/article37665172/
5978be64194f4aad74e313aed524af60398f29ce944838cb8e50cef92b58102c,2025-07-01 07:24:39.655294+00:00,en,theglobeandmail.com,theglobeandmail.com,2018-10-27,Anti-Semitic social media posts may hold clues in fatal Pittsburgh shooting,https://www.theglobeandmail.com/world/article-anti-semitic-social-media-posts-may-hold-clues-in-fatal-pittsburgh/
18ad304de98785b92d4146560d2ec6e4a4b323d134429783ba225eb3e73a8e83,2025-07-01 06:42:07.205601+00:00,en,theglobeandmail.com,theglobeandmail.com,2017-09-29,Review: Zoë Quinn’s Crash Override and Ellen Pao’s Reset explore the sexism of tech culture,https://www.theglobeandmail.com/arts/books-and-media/book-reviews/review-zoe-quinns-crash-override-and-ellen-paos-reset-explore-the-sexism-of-tech-culture/article36431282/?cmpid=rss1
65bd1462fc26f91d51ef034a4bc120fed9433e0e22994b692716fcced68db86b,2025-07-01 04:59:24.441077+00:00,en,ctvnews.ca,ctvnews.ca,2019-07-15,"Grisly murder of U.S. teenager shared on social media, suspect arrested",https://www.ctvnews.ca/world/grisly-murder-of-u-s-teenager-shared-on-social-media-suspect-arrested-1.4509083
e983f0ea3167ba4fe079b5fda1867a92f65626f96db1a2d203caa3d39a4afcd6,2025-07-01 02:20:21.367644+00:00,en,cbc.ca,cbc.ca,2019-03-18,"Despite Trump's view, white nationalism is a growing threat, data shows",https://www.cbc.ca/news/world/trump-invasion-rhetoric-new-zealand-data-white-nationalism-1.5061919
73bf5d8520821350eeb6c8bb797c241323a5fa3c7a37cc57dd907ead4915a080,2025-06-30 19:07:05.070789+00:00,en,ctvnews.ca,ctvnews.ca,2019-07-22,"Bianca Devins: Teen’s murder on social media highlights much larger problem, experts say",https://www.ctvnews.ca/world/bianca-devins-teen-s-murder-on-social-media-highlights-much-larger-problem-experts-say-1.4518735
e588f6dff3bf44c2c7ae05a8e7757e90345fbec045d717378387473f1972f6f7,2025-06-30 15:47:49.456226+00:00,en,thestar.com,thestar.com,2019-07-24,"Misinformation and hate online amplified by manhunt case, experts say",https://www.thestar.com/edmonton/2019/07/24/misinformation-and-hate-online-amplified-by-manhunt-case-experts-say.html
83ae18d73aeb407a24c52f944c66c3628d0a078e1099a5038a2c44e2cc3a6315,2025-06-30 01:12:04.592631+00:00,en,thestar.com,thestar.com,2019-08-05,AP Explains: What is the online forum 8chan?,https://www.thestar.com/news/world/us/2019/08/05/ap-explains-what-is-the-online-forum-8chan.html
57efe4a11aa8d5ed911c65c1d61018fd65f1c5d9a091a03d58f48162b065189b,2025-06-30 01:07:06.805901+00:00,fr,tvanouvelles.ca,tvanouvelles.ca,2019-08-05,"8chan, un forum où la haine est reine",https://www.tvanouvelles.ca/2019/08/05/8chan-un-forum-ou-la-haine-est-reine
75917b5c3369a7bc9b631e412aabcd5543d4a9bf218520af6220b7b19341cfa0,2025-06-30 00:51:34.666211+00:00,fr,radio-canada.ca,radio-canada.ca,2019-08-06,8chan et la culture de la mort sur le web,http://ici.radio-canada.ca/nouvelle/1248314/8chan-cloudflare-radicalisation-neonazime-extremisme-brennan
52100f93d23c5824897490687680e190ba18a9825c8de0713fa6ee101c4989d0,2025-06-29 20:10:18.257847+00:00,en,thestar.com,thestar.com,2019-08-09,"The fountain pen-obsessed entrepreneur behind 8chan, the internet’s most notorious hate forum",https://www.thestar.com/news/world/2019/08/09/the-fountain-pen-obsessed-entrepreneur-behind-8chan-the-internets-most-notorious-hate-forum.html
bd9eae52f53e3d12da4acabc77ae96fca1038ba6aafb7ba089fd810d1b51ab69,2025-06-29 15:27:23.545306+00:00,fr,tvanouvelles.ca,tvanouvelles.ca,2019-08-13,La mort d’Epstein annoncé sur un forum internet 40 minutes avant l'annonce des autorités,https://www.tvanouvelles.ca/2019/08/13/la-mort-depstein-annonce-sur-un-forum-internet-40-minutes-avant-les-autorites
e77c34f49842abfb75d38229366aea3d89bd2f77d8760bea4f7d534d76c830e3,2025-06-29 15:04:04.959658+00:00,en,ctvnews.ca,ctvnews.ca,2019-08-14,Alleged Christchurch gunman sends letter from prison cell,https://www.ctvnews.ca/world/alleged-christchurch-gunman-sends-letter-from-prison-cell-1.4548914
c634bed52951abb98b8c062cbabee9d33836d0b4e95ee3251be257b964eb1f93,2025-06-29 15:03:40.662275+00:00,en,nationalpost.com,nationalpost.com,2019-08-14,Accused New Zealand gunman’s letter from jail circulates online,https://nationalpost.com/pmn/entertainment-pmn/accused-new-zealand-gunmans-letter-from-jail-circulates-online
0b178ee14f4295e62bcb9a9621fc4dfca8054aa336c3f13671f75efb5ab0934e,2025-06-29 14:55:13.642743+00:00,en,thestar.com,thestar.com,2019-08-14,Alleged Christchurch gunman sends letter from prison cell,https://www.thestar.com/news/world/australia/2019/08/14/alleged-christchurch-gunman-sends-letter-from-prison-cell.html
d42d10aff70675e49fcaf61388cccfbc261f6ba4a4fde8224a5bd7d5d930e1d1,2025-06-29 14:52:59.134103+00:00,en,globalnews.ca,globalnews.ca,2019-08-14,Alleged Christchurch shooter sent a letter from prison that ended up on 4chan,https://globalnews.ca/news/5763223/christchurch-shooter-letter-prison-4chan/
4bdf838f0bd45676d57f3fb470ed9ecffa7fddeecb17374589a34d019a882069,2025-06-29 14:45:50.062613+00:00,fr,radio-canada.ca,radio-canada.ca,2019-08-14,Une lettre du tueur de Christchurch met les autorités néo-zélandaises dans l’embarras,http://ici.radio-canada.ca/nouvelle/1259835/auteur-tuerie-christchurch-envoie-lettre-cellule-prison
9109d10c286e025fdf145a10bf900cee28b7c57afb121c8728003b7825487b20,2025-06-29 14:34:51.287660+00:00,en,cbc.ca,cbc.ca,2019-08-14,Alleged Christchurch gunman sends letter from prison cell,https://www.cbc.ca/news/world/alleged-christchurch-gunman-sends-letter-from-prison-1.5246344?cmp=rss
5aeb5241e2724225b6319a5b00abaf1ac487ced27a7ece3a6c28a13be7b2b6b7,2025-06-29 13:58:45.096281+00:00,fr,lapresse.ca,lapresse.ca,2019-08-14,Nouvelle-Zélande: excuses après l’envoi d’une lettre haineuse du tueur de Christchurch,https://www.lapresse.ca/international/asie-et-oceanie/201908/14/01-5237401-nouvelle-zelande-excuses-apres-lenvoi-dune-lettre-haineuse-du-tueur-de-christchurch.php
5805654f8e66058b3cc033e31239ba79f5e2b0188e6c5513df8a016664f6ff5e,2025-06-29 13:57:24.332203+00:00,en,thestar.com,thestar.com,2019-08-14,Trial of accused Christchurch mosque shooter may be delayed,https://www.thestar.com/news/world/australia/2019/08/14/trial-of-accused-christchurch-mosque-shooter-may-be-delayed.html
ed98c5b3674cb549696b6ea90810083c24fcff41c55ef9b3f2fd33783ae781a7,2025-06-29 13:57:18.461256+00:00,en,ctvnews.ca,ctvnews.ca,2019-08-15,Trial of accused Christchurch mosque shooter may be delayed,https://www.ctvnews.ca/world/trial-of-accused-christchurch-mosque-shooter-may-be-delayed-1.4550653
7d0f68dae2d08e26e9b588449ebd07494565b3c7ed85c90f292e66336effe5b1,2025-06-29 09:04:09.328034+00:00,en,globalnews.ca,globalnews.ca,2019-08-19,Hong Kong protesters are using Pepe the Frog as part of pro-democracy movement,https://globalnews.ca/news/5783767/hong-kong-protests-pepe-the-frog/
2d035b285ae050271ad9e8c8baf053791bae20bc67dbe1cd4cacfea4228d07ca,2025-06-28 12:52:58.277224+00:00,en,thestar.com,thestar.com,2019-09-04,Inside the Toxic Online World Where Mass Shooters Thrive,https://www.thestar.com/wsj/business/2019/09/04/inside-the-toxic-online-world-where-mass-shooters-thrive.html
237e71c31313b50b36507ab6fd3fa2ca11ba21eccb59083cbcce23b66d0475c8,2025-06-28 10:32:03.621414+00:00,en,theglobeandmail.com,theglobeandmail.com,2017-08-04,Is Donald Trump winning his war on reality?,https://www.theglobeandmail.com/opinion/is-donald-trump-winning-his-war-on-reality/article35887476/
fc6a49a30fa053432a40f2976224d0829954fddac562bdde80c8a124a24a0475,2025-06-28 05:41:56.534274+00:00,en,theglobeandmail.com,theglobeandmail.com,2017-09-29,Review: Michael Adams’s Could It Happen Here? explores whether Canada is safe from toxic populism,https://www.theglobeandmail.com/arts/books-and-media/book-reviews/review-michael-adamss-could-it-happen-here-explores-whether-canada-is-safe-from-toxic-populism/article36431266/?cmpid=rss1
fd5db2c5e4741004150374eee3f48b6dd92a424703197e40ae2d72d8bba6016a,2025-06-28 01:59:51.654333+00:00,en,nationalpost.com,nationalpost.com,2019-09-12,"Who is Jim Watkins, the pig farmer who took over one of the web’s most notorious hate sites?",https://nationalpost.com/news/world/who-is-jim-watkins-the-pig-farmer-who-took-over-one-of-the-webs-most-notorious-hate-sites
a7b4f1dc8bcd864e7225dd2e8e6f52322ffb46dc4233b45f066f16cd67543330,2025-06-27 06:47:54.591327+00:00,en,ctvnews.ca,ctvnews.ca,2019-09-26,"'OK' hand gesture, 'Bowlcut' added to hate symbols database",https://www.ctvnews.ca/world/ok-hand-gesture-bowlcut-added-to-hate-symbols-database-1.4611214
9fbf11648950ac6af1e54f9276db8b0a76529ab8ec315c8b9ff42a190c523bf7,2025-06-27 06:38:34.267433+00:00,en,globalnews.ca,globalnews.ca,2019-09-26,"‘OK’ hand sign, mass killer’s bowlcut hairstyle added to hate symbol database",https://globalnews.ca/news/5954206/ok-hand-sign-bowlcut-hate-symbol/
dd829f8035eb4dfeae2d9fc6f8ba8bfe9c4bc74cc1813064427fb6c7d41394a1,2025-06-27 05:50:11.592047+00:00,en,nationalpost.com,nationalpost.com,2019-09-27,‘I accomplished my mission’: What the accused in Toronto van attack told police after the carnage,https://nationalpost.com/news/canada/toronto-van-attack-police-interview
0dc9ad41882061790b67ea6581c828d2804dc94867220f6be86ecf703f1d2cee,2025-06-27 05:50:11.490552+00:00,en,nationalpost.com,nationalpost.com,2019-09-27,"‘I accomplished my mission,’ accused in Yonge Street van attack told police",https://nationalpost.com/pmn/news-pmn/canada-news-pmn/i-accomplished-my-mission-accused-in-yonge-street-van-attack-told-police
d9a50a1bf38b44dac0ae01cdeb0606801b0768b0e0ffa3e2f066e1d2c4175f19,2025-06-27 05:49:35.515434+00:00,en,globalnews.ca,globalnews.ca,2019-09-27,"Splashed drink led to end of deadly Toronto van attack, accused told police",https://globalnews.ca/news/5956688/alek-minassian-toronto-police-interview/
f57ecf25558808afe5043fcdb594fed6d07df9006fea96fe1816004a1422838c,2025-06-27 05:49:35.489156+00:00,en,globalnews.ca,globalnews.ca,2019-09-27,‘Day of retribution’: Toronto van attack suspect describes hatred towards women as motive,https://globalnews.ca/news/5954272/toronto-van-attack-suspect-motive-interrogation-video/
79ed995d88d068dbef0cc3e2c3b48f42fef15e7c387bb9c5b54262e5278b4a67,2025-06-27 05:49:19.757380+00:00,en,ctvnews.ca,ctvnews.ca,2019-09-27,Explaining incel slang used by Alek Minassian during interrogation,https://toronto.ctvnews.ca/explaining-incel-slang-used-by-alek-minassian-during-interrogation-1.4612905
c0df7e0bf91b2fd55209ec007f276f201c8343e7d286455c8e34a2a31331b9a8,2025-06-27 05:48:10.133832+00:00,en,thestar.com,thestar.com,2019-09-27,"Enticed by a clever police interviewer, Van attack driver Alek Minassian tells all",https://www.thestar.com/opinion/star-columnists/2019/09/27/enticed-by-a-clever-police-interviewer-van-attack-driver-alek-minassian-tells-all.html
3d73d176d6264a2c069b0f841c3420361f4ad807e1e5343fc2fcce7f78f89b1d,2025-06-27 05:09:27.480611+00:00,fr,lapresse.ca,lapresse.ca,2019-09-27,Alek Minassian dit avoir « accompli sa mission »,https://www.lapresse.ca/actualites/justice-et-faits-divers/201909/27/01-5243058-attaque-a-toronto-alek-minassian-dit-avoir-accompli-sa-mission-.php
7576b797e644b35c266eb6b91f42f3e2fba5778a1f0163684c44b972012e9fb0,2025-06-27 04:06:49.002144+00:00,en,cbc.ca,cbc.ca,2019-09-26,Alek Minassian reveals details of Toronto van attack in video of police interview,https://www.cbc.ca/news/canada/toronto/alek-minassian-police-interview-1.5298021?cmp=rss
de37f8fb913c86757334f30ab38cb357eb8f93bb03305d09f9cdd6b976ebe72b,2025-06-27 03:57:34.223959+00:00,en,thestar.com,thestar.com,2019-09-28,How incels fit into a global far-right ecosystem of angry young men,https://www.thestar.com/news/gta/2019/09/28/how-incels-fit-into-a-global-far-right-ecosystem-of-angry-young-men.html
f957291e53045ef8db5f0fd0a5110b815d7fe86af694f2c3560a37871d15eb92,2025-06-27 02:37:09.706580+00:00,en,thestar.com,thestar.com,2019-09-29,"Red pill, blue pill, black pill: The chilling details in police interview with Toronto van attack driver Alek Minassian",https://www.thestar.com/opinion/star-columnists/2019/09/29/the-red-pill-the-blue-pill-the-black-pill-the-chilling-details-in-police-interview-with-toronto-van-attack-driver-alek-minassian.html
1ec63874c162d67296ff9699289c8c01e9a0dfb186590c713d353ffda3429149,2025-06-26 17:52:26.449124+00:00,en,thestar.com,thestar.com,2019-10-05,Why political memes — which are virtually unregulated — matter to this federal election,https://www.thestar.com/vancouver/2019/10/05/why-political-memes-which-are-virtually-unregulated-matter-to-this-federal-election.html
9da53f834fb8c50fefa9d3e89f4658039ddbf4a16f348bd9ef779a5c2f11772f,2025-06-26 09:52:32.929881+00:00,en,thestar.com,thestar.com,2019-10-11,The attack on a German synagogue highlights the threat posed by do-it-yourself guns,https://www.thestar.com/news/world/2019/10/11/the-attack-on-a-german-synagogue-highlights-the-threat-posed-by-do-it-yourself-guns.html
cff603bc8aa816559ff158ac32adf9d23368a95229d423d1fbd68227a16b6d52,2025-06-26 06:41:47.034075+00:00,en,thestar.com,thestar.com,2019-10-14,Threats escalate against Schiff as Trump says ‘treason’ and followers invoke violence,https://www.thestar.com/news/world/2019/10/14/threats-escalate-against-schiff-as-trump-says-treason-and-followers-invoke-violence.html
9e8cfe8899db2c4287c196cc585e35daf94bc93181141cd58e6f68525a0daf02,2025-06-25 15:49:04.177976+00:00,en,ctvnews.ca,ctvnews.ca,2019-10-25,Dismantling the 'Alt-Right Playbook': YouTuber explains how online radicalization works,https://www.ctvnews.ca/world/dismantling-the-alt-right-playbook-youtuber-explains-how-online-radicalization-works-1.4655174
59d06a4c042b3658d3fff46cff98de1c2f6f5e41551561d389cbee87910f89d1,2025-06-25 09:17:45.903033+00:00,en,cbc.ca,cbc.ca,2019-08-29,Western student groups rally behind peer who spoke out about prof using N-word,https://www.cbc.ca/news/canada/london/western-student-groups-rally-behind-peer-who-spoke-out-about-prof-using-n-word-1.5341310?cmp=rss
df0c6b49d55911d87c6630fc00db1f1494b72e2c69375cd049fa390da4d81095,2025-06-25 08:24:33.836307+00:00,en,globalnews.ca,globalnews.ca,2019-10-31,Western University student receives racist emails after calling out professor’s use of N-word,https://globalnews.ca/news/6107209/western-university-student-racist-emails/
d00ac7033a83323ae01d313fce3f2cbab6b9ee3d7be3b2c5b9401e0f9c6782cb,2025-06-25 07:14:51.559765+00:00,en,globalnews.ca,globalnews.ca,2019-11-01,Western University launches working group following professor’s use of N-word,https://globalnews.ca/news/6111998/western-university-racism-working-group/
1839e47a66bd79cfa010fc12ee8a0d46571a2ac7e5a71fa89416f1703e461edf,2025-06-25 04:18:54.933473+00:00,fr,lapresse.ca,lapresse.ca,2019-11-03,Chronologie du phénomène félin sur le web,https://www.lapresse.ca/societe/animaux/201911/02/01-5248102-chronologie-du-phenomene-felin-sur-le-web.php
25a8d71e49048983c8d7c75d6dc146bea3a7bb1bade260e3a1972b2d08782902,2025-06-24 06:14:57.744533+00:00,en,cbc.ca,cbc.ca,2019-09-26,Alek Minassian reveals details of Toronto van attack in video of police interview,https://www.cbc.ca/news/canada/toronto/alek-minassian-police-interview-1.5298021
ce4e5841f5367579539901cc96a43ff050dede3c2527053c378d03201427be4e,2025-06-24 06:14:57.552694+00:00,en,theglobeandmail.com,theglobeandmail.com,2019-09-27,"Years before Toronto van attack, Alek Minassian says he connected online with misogynistic radicals",https://www.theglobeandmail.com/canada/toronto/article-years-before-toronto-van-attack-alek-minassian-says-he-connected/
8de342c37b6c73f2ad7b51b98ba841fc44dbb4ab5e57b1654101f02f705d4765,2025-06-24 06:14:56.970850+00:00,en,cbc.ca,cbc.ca,2019-01-25,Why incels are a 'real and present threat' for Canadians,https://www.cbc.ca/news/canada/incel-threat-canadians-fifth-estate-1.4992184
2eb93062332d8a17191b7f8859e4ac20113a8655500d2cc7cf422fd17b3a2e43,2025-06-24 06:14:55.855340+00:00,en,cbc.ca,cbc.ca,2018-04-24,"How the misogynistic, insular world of 'incels' may have inspired the Toronto van attack",https://www.cbc.ca/news/canada/toronto/what-is-an-incel-toronto-van-attack-explainer-alek-minassian-1.4633893
7fde6968e23fa8086b61f4ba0716b6e0f526614c7830441236ba381cca3d24aa,2025-06-24 06:12:32.044980+00:00,en,theglobeandmail.com,theglobeandmail.com,2018-04-24,The ‘incel’ community and the dark side of the internet,https://www.theglobeandmail.com/canada/article-the-incel-community-and-the-dark-side-of-the-internet/
bd21cbda6b2d7c778b8a02f0b86d86c36f446b2fffceffdf9e8b47ca5b661815,2025-06-24 04:53:28.768568+00:00,en,ctvnews.ca,ctvnews.ca,2019-11-21,Meet the Canadian fighting to keep notorious 8chan forum offline forever,https://www.ctvnews.ca/world/meet-the-canadian-fighting-to-keep-notorious-8chan-forum-offline-forever-1.4694666
a8615e1cf2c3b7d651a5f4c9d0ca587d53707de0a23d86326d1d8f8cf0a89817,2025-06-24 02:46:46.176255+00:00,en,theglobeandmail.com,theglobeandmail.com,2018-04-23,Toronto van attack: How you can help and what we know so far,https://www.theglobeandmail.com/canada/toronto/article-toronto-van-attack-what-we-know-so-far/
88453d6bded23b1269e3a898968da07f17f23a9afba99cd1f9636111e21fcc0d,2025-06-23 09:27:48.009951+00:00,en,thestar.com,thestar.com,2019-12-06,"Let’s cancel ‘OK Boomer’ in 2020, and the humblebrag, too",https://www.thestar.com/news/world/us/2019/12/06/lets-cancel-cancel-culture-in-2020-and-the-humblebrag-too.html
d6ee046b3e587724c0a8fa0b2ddbb0dc6a04397015e5927bfce23fab1d20dd26,2025-06-22 22:36:56.197475+00:00,en,thestar.com,thestar.com,2019-12-15,U.S. Military Academy investigating after cadets use hand symbol with possible links to white power,https://www.thestar.com/news/world/us/2019/12/15/us-military-academy-investigating-after-cadets-use-hand-symbol-with-possible-links-to-white-power.html
49c1bff7e46f15a6157b6cd4a8bc3ea57b5ab68f8328497289d3a3a267016840,2025-06-22 14:33:47.384947+00:00,en,thestar.com,thestar.com,2019-12-20,"Navy, Army probes find no racism intent in hand gestures",https://www.thestar.com/news/world/us/2019/12/20/navy-probe-finds-no-racism-intent-in-hand-gestures.html
66b82efbe00ff58f7ec840b62f4f5d22881ebd87a753532c981884c2c78dd1a9,2025-06-22 07:57:07.256289+00:00,en,thestar.com,thestar.com,2019-12-26,Side-swiped by social: The decade that rewired humanity,https://www.thestar.com/news/gta/2019/12/26/side-swiped-by-social-the-decade-that-rewired-humanity.html
b64f8656752b04a791f06abf8bbe93fe93981c732c2c78ae1ea02c81dd933094,2025-06-22 01:35:21.581846+00:00,en,ctvnews.ca,ctvnews.ca,2019-12-31,#ItsOkayToBeWhite is trending on Twitter (again) and people are not OK,https://montreal.ctvnews.ca/itsokaytobewhite-is-trending-on-twitter-again-and-people-are-not-ok-1.4748419
fdcf08c07e803bb29339ce3a8922e898fe9c2860c40a1851283aa244b687cf5a,2025-05-16 19:33:43.894941+00:00,en,theglobeandmail.com,theglobeandmail.com,2025-05-16,"Lately: An Anonymous hacker’s regret, Canada’s first AI minister and ‘lootbox’ gambling",https://www.theglobeandmail.com/business/article-lately-an-anonymous-hackers-regret-canadas-first-ai-minister-and/
25435b02026ffcec8febf4526ada26f2040f34cd75fa523bad9f47e373e0436b,2025-05-12 19:36:01.337072+00:00,en,theglobeandmail.com,theglobeandmail.com,2025-05-12,Canadian hacker feels remorse for role Anonymous members played in rise of Trump,https://www.theglobeandmail.com/business/economy/article-canadian-hacker-feels-remorse-for-role-anonymous-members-played-in/
ac2b96fb483ba1d5e233b93974f161495fa6ff529d74b2a7dcdc668b47f501eb,2025-04-27 19:28:16.084206+00:00,en,thestar.com,thestar.com,2025-04-27,’#Skoden’ doc shows ‘kind and gentle’ side of unhoused Indigenous man who became a meme,https://www.thestar.com/entertainment/movies/skoden-doc-shows-kind-and-gentle-side-of-unhoused-indigenous-man-who-became-a-meme/article_bac354d1-a0e8-58c3-b05b-672dfbdb11c9.html
c70cbc2ed062d98cffff782056ad2f180680f593e91c021f2d6e9abc767eb8ee,2025-04-24 13:18:42.649902+00:00,fr,radio-canada.ca,radio-canada.ca,2025-04-24,"Le forum 4Chan pourrait ne jamais revenir, mais son héritage perdurera",https://ici.radio-canada.ca/nouvelle/2159461/forum-4chan-hors-ligne
97a34a6b649d53badbacc4c90ebbda133d9abff48ea827d02614c5bdd06cacf4,2025-04-17 20:32:00.038670+00:00,en,theglobeandmail.com,theglobeandmail.com,2025-04-17,The 20 YouTube videos that defined the platform’s first 20 years,https://www.theglobeandmail.com/arts/article-the-20-youtube-videos-that-defined-the-platforms-first-20-years/
60708aebf7267c038d7cb00de5753d0b17d8c412f7085935e9335ddb8deeb216,2025-04-16 19:25:30.132269+00:00,fr,tvanouvelles.ca,tvanouvelles.ca,2025-04-16,Le forum 4chan inaccessible après une possible cyberattaque,https://www.tvanouvelles.ca/2025/04/16/le-forum-4chan-inaccessible-apres-une-possible-cyberattaque
0384ff1e570db6a9c5792880fb086d89ad2bc53774d7b54b0ded2bb99bc4510f,2025-04-04 19:30:46.820511+00:00,en,theglobeandmail.com,theglobeandmail.com,2025-04-03,Canadian hacker Cottle faces charges after allegedly stealing Texas Republican Party data,https://www.theglobeandmail.com/business/economy/article-canadian-hacker-cottle-faces-charges-after-allegedly-stealing-texas/
193d2d2bb34efaa5419461a286628b0b23276b80ec47385dc920aab8737de194,2025-04-02 21:26:38.259902+00:00,fr,tvanouvelles.ca,tvanouvelles.ca,2025-04-02,Culture des mèmes: voici pourquoi la Maison-Blanche multiplie les publications provocatrices sur les réseaux sociaux,https://www.tvanouvelles.ca/2025/04/02/culture-des-memes-voici-pourquoi-la-maison-blanche-multiplie-les-publications-provocatrices-sur-les-reseaux-sociaux
98931e1c7129c389a824d53ac2227cb6d7b6897d2308cc2e6626ed6b09f5dccf,2025-04-02 16:37:56.788904+00:00,fr,ledevoir.com,ledevoir.com,2025-04-02,Le gouvernement Trump vend sa politique migratoire en optant pour la provocation sur les réseaux,https://www.ledevoir.com/monde/etats-unis/862837/maison-blanche-vend-politique-migratoire-optant-provocation-reseaux
04e162dd795bda8e955b732f42917a34e727a70fc0e9dec49d331fceb94e93b6,2025-03-10 20:19:04.272420+00:00,en,theglobeandmail.com,theglobeandmail.com,2025-03-10,America’s young digital natives are reformatting the country and its institutions,https://www.theglobeandmail.com/opinion/article-americas-young-digital-natives-are-reformatting-the-country-and-its/
b827bd0e34fb38656f997f11f91033f2c9a0aee5b15fe1a7ce449db7bd074547,2025-02-25 22:33:33.966860+00:00,en,thestar.com,thestar.com,2025-02-25,Halifax police say condition of six-year-old stabbing victim has improved,https://www.thestar.com/news/canada/nova-scotia/halifax-police-say-condition-of-six-year-old-stabbing-victim-has-improved/article_91e49e11-c5e8-5892-a09e-73ef75e09090.html
17bd49d1f51a22debaf9e215eacc2a620c163e022139908621f80a30921a2d94,2025-02-13 19:52:06.129407+00:00,en,theglobeandmail.com,theglobeandmail.com,2025-02-12,Trump’s South Africa executive order shows that the age of racial grievance-settling has only just begun,https://www.theglobeandmail.com/opinion/article-trumps-south-africa-executive-order-shows-that-the-age-of-racial/
b67527a53b01d6fe5a93911dc4be950d7f57ff2b46889fcc42466b47c0f75b1d,2025-02-11 19:39:36.749270+00:00,en,theglobeandmail.com,theglobeandmail.com,2025-02-11,"A guide to Trumpism’s online universe, from Kick to Rumble to Truth Social",https://www.theglobeandmail.com/world/article-trumpism-online-universe-right-wing-platforms/
35375fb3332eb03a0b22f7f5889df8483a5a30ca37245aa081f97efdc3cce8e2,2025-01-10 01:19:30.083752+00:00,fr,lapresse.ca,lapresse.ca,2025-01-09,Attaque dans une pizzeria en 2016,https://www.lapresse.ca/international/etats-unis/2025-01-09/attaque-dans-une-pizzeria-en-2016/un-americain-qui-avait-cru-a-un-reseau-pedophile-democrate-tue-par-la-police.php
75f03eaf78d79b1cffac99dc94f857a3fc87e21b2963adf32477b33ce5b2bb14,2024-12-28 05:09:41.513901+00:00,en,nationalpost.com,nationalpost.com,2022-02-21,The transatlantic network connecting France's 'Freedom Convoy' to Canada,https://nationalpost.com/pmn/health-pmn/the-transatlantic-network-connecting-frances-freedom-convoy-to-canada
e69f7a9683246005d70eed0bc3f98c5cd29f68ecde18bceb1b5fd4bd5edbd15d,2024-12-28 05:09:41.175987+00:00,en,nationalpost.com,nationalpost.com,2022-02-21,pitched-The transatlantic network connecting France's 'Freedom Convoy' to Canada,https://nationalpost.com/pmn/health-pmn/pitched-the-transatlantic-network-connecting-frances-freedom-convoy-to-canada
992dec6d13350b70baf6aa59b4f90c7378677a196982f4a6c64dd150f7055bc4,2024-12-28 04:53:56.652168+00:00,en,nationalpost.com,nationalpost.com,2022-02-21,The transatlantic network connecting France's 'Freedom Convoy' to Canada,https://nationalpost.com/pmn/health-pmn/the-transatlantic-network-connecting-frances-freedom-convoy-to-canada-2
abffb71d4127274dd9964114233390d5e3a8e6382ab81a7ee15c75259a2b69da,2024-12-28 04:32:19.036851+00:00,en,ctvnews.ca,ctvnews.ca,2022-02-21,The transatlantic network connecting France's 'Freedom Convoy' to Canada,https://www.ctvnews.ca/world/the-transatlantic-network-connecting-france-s-freedom-convoy-to-canada-1.5789605
5e863d65dcc132ebe3e2543774d8ce9f7060fc4aa9687199a462691eb2235ea5,2024-12-15 00:02:16.397138+00:00,en,nationalpost.com,nationalpost.com,2022-04-23,Washington police hunt for gunman who wounded 4 near elite prep school,https://nationalpost.com/pmn/news-pmn/crime-pmn/washington-police-hunt-for-gunman-who-wounded-4-near-elite-prep-school
4ff75f7ee606a38b3989530ab3238614c13de51495640aa9c2efd3add09def65,2024-12-10 14:17:41.008347+00:00,en,thestar.com,thestar.com,2024-12-10,A wave of South Asian racism is sweeping Canada — and the Liberals’ missteps on immigration helped fuel the problem,https://www.thestar.com/news/canada/a-wave-of-south-asian-racism-is-sweeping-canada-and-the-liberals-missteps-on-immigration/article_3cf9bfa8-a787-11ef-9afa-5f614d4d3e22.html
4d4ed5a6f515d092bb970d2d958833079d845a206407900d930b7dfb245d75c6,2024-11-30 18:29:12.197510+00:00,en,ctvnews.ca,ctvnews.ca,2024-11-30,Manosphere' poses threats against women after U.S. election,https://www.ctvnews.ca/world/emboldened-manosphere-accelerates-threats-and-demeaning-language-toward-women-after-u-s-election-1.7129223
b71a8d3c0007c14d0306a827524945adb70e8c0b3f6a7b459fcdbc51df8f10dd,2024-11-30 06:19:18.330417+00:00,en,thestar.com,thestar.com,2024-11-30,Emboldened ‘manosphere’ accelerates threats and demeaning language toward women after US election,https://www.thestar.com/news/world/united-states/emboldened-manosphere-accelerates-threats-and-demeaning-language-toward-women-after-us-election/article_7efda273-87bc-558e-b9b7-f7e9bf00cb04.html
0e7f14deb6b1a39727b61cc7d0a8bb1a2d3a513fd4b25a2df9c22c5be1f4d537,2024-11-29 13:01:55.915859+00:00,en,cbc.ca,cbc.ca,2020-01-29,Elections Canada tracked online misinformation during the federal election - here's what it found,https://www.cbc.ca/news/politics/elections-canada-social-media-monitoring-findings-1.5444268?cmp=rss
b4708983b644004ea10598c4632da311f07281373e3ee2263f64a35b11f7f73d,2024-11-28 17:02:41.535556+00:00,en,thestar.com,thestar.com,2020-02-09,‘QAnon’ conspiracy theory creeps into mainstream politics,https://www.thestar.com/news/world/us/2020/02/09/qanon-conspiracy-theory-creeps-into-mainstream-politics.html
aa7c79da6ee64498ace9c73d4f4100126af2d9d0b3de27a452c1f408366a5311,2024-11-28 16:04:53.496877+00:00,en,thestar.com,thestar.com,2020-02-09,What happens when QAnon seeps from the web to the offline world,https://www.thestar.com/news/world/2020/02/09/what-happens-when-qanon-seeps-from-the-web-to-the-offline-world.html
7aeab41a60becdb2a347cb8dddff5bf3d60658c863ce06d4827cf2fb2f701e32,2024-11-28 15:55:00.590654+00:00,en,thestar.com,thestar.com,2020-02-09,How the Iowa caucuses became an epic fiasco,https://www.thestar.com/news/world/2020/02/09/how-the-iowa-caucuses-became-an-epic-fiasco.html
f720083483e547a0953f70e9e0cd0ebeeadfbbec78fdfb9f38f9237edd8562c9,2024-11-26 12:21:40.823498+00:00,fr,lapresse.ca,lapresse.ca,2024-11-26,"Manger des insectes, avaler des couleuvres",https://www.lapresse.ca/actualites/chroniques/2024-11-26/manger-des-insectes-avaler-des-couleuvres.php
9da496dadf7160c8d4e81324cebc5460316dbdefa2f845b64ac1b7717fbeb2bd,2024-11-24 06:47:11.358421+00:00,en,thestar.com,thestar.com,2020-03-13,"Lawyer: Man asleep when police fired on house, killing him",https://www.thestar.com/news/world/us/2020/03/13/lawyer-man-asleep-when-police-fired-on-house-killing-him.html
ada92aeb94c124cd2dddad5d63d9f46a76c6d1b23395fe5b650c0849bc330104,2024-11-24 00:38:06.866716+00:00,en,globalnews.ca,globalnews.ca,2020-03-16,5 songs you must hear this week: 16 March 2020,https://globalnews.ca/news/6682672/5-songs-you-must-hear-this-week-16-march-2020/
f146d690a666214373c9a526bc30294859c0963af4a6582216db2f898d9d12da,2024-11-20 21:12:37.462112+00:00,en,theglobeandmail.com,theglobeandmail.com,2019-11-30,Violent misogyny is a threat to half our population. We need to call it what it is: Terrorism,https://www.theglobeandmail.com/opinion/article-violent-misogyny-is-a-threat-to-half-our-population-we-need-to-call/
4de1f8f9d1755c6ee13ded6ae13d3a8f8256f0e683def980dd88987731858ef9,2024-11-19 22:33:22.759750+00:00,fr,radio-canada.ca,radio-canada.ca,2020-04-07,« Black-out » et tunnels remplis d'enfants : la conspiration QAnon rejoint la COVID-19,http://ici.radio-canada.ca/nouvelle/1691511/conspiration-qanon-covid-etats-unis-fausse-nouvelle-clinton-trump-theories-enfants
06bfd418fcf3250f71ca2b6b833b45a2e26478ce179254ee527704efff467597,2024-11-19 09:32:44.928461+00:00,en,ctvnews.ca,ctvnews.ca,2019-07-15,"Grisly murder of U.S. teenager shared on social media, suspect charged",https://www.ctvnews.ca/world/grisly-murder-of-u-s-teenager-shared-on-social-media-suspect-charged-1.4509083
a1c8b24d0db4fc8b92af2ea7e835bfb64d7bada553cefc2f78ad3029bcef8271,2024-11-18 21:48:04.645840+00:00,en,thestar.com,thestar.com,2020-04-15,Is Zoom safe to use? Here’s what you need to know,https://www.thestar.com/business/2020/04/15/is-zoom-safe-to-use-heres-what-you-need-to-know.html
7bc7806367f6f86bcb19e4d870eb9d4128e5d72278ed7ac4cd78749ac97230df,2024-11-17 22:18:45.219560+00:00,fr,radio-canada.ca,radio-canada.ca,2020-04-22,Fuite de 25 000 mots de passe de groupes comme l’OMS et la fondation Gates,http://ici.radio-canada.ca/nouvelle/1696256/fuite-donnees-medical-sante-covid-19-coronavirus-cdc-oms-gates
c931290996717479d21a45ffa67f374291d186c36e6f6b9af4a2b8b1a6cee7d9,2024-11-16 23:11:00.342835+00:00,en,nationalpost.com,nationalpost.com,2020-04-30,"Militants, fringe groups exploiting COVID-19, warns EU anti-terrorism chief",https://nationalpost.com/pmn/news-pmn/politics-news-pmn/militants-fringe-groups-exploiting-covid-19-warns-eu-anti-terrorism-chief
f4d96ced44c12ef36c7a13bb4abcfba907e5bf36ba360698eb440b7d2416bf8f,2024-11-16 15:40:53.799186+00:00,en,thestar.com,thestar.com,2020-05-03,The coronavirus becomes a battle cry for U.S. extremists,https://www.thestar.com/news/world/2020/05/03/the-coronavirus-becomes-a-battle-cry-for-us-extremists.html
8095fb1ac17eebb6d5574977eabbe88442e39b5276d564b60d846f2aca02037b,2024-11-15 00:48:05.009242+00:00,fr,tvanouvelles.ca,tvanouvelles.ca,2020-05-15,Ces théories du complot qui envahissent internet en temps de la COVID-19,https://www.tvanouvelles.ca/2020/05/15/ces-theories-du-complot-qui-envahissent-internet-en-temps-de-la-covid-19
39d1373091b98c3c1fb6f714305be9f7a12cf655a790f4aa20e31607d528b011,2024-11-14 12:20:47.672439+00:00,en,nationalpost.com,nationalpost.com,2020-05-20,Explaining the ‘incel’ movement that police allege inspired a terrorist attack at Toronto massage parlour,https://nationalpost.com/news/explaining-the-incel-movement-that-police-allege-inspired-a-terrorist-attack-at-toronto-massage-parlour
abc727cb3a436accf6d299f2162b89359e8c88f465146ca4870f1cb623a351db,2024-11-12 11:17:21.394716+00:00,en,globalnews.ca,globalnews.ca,2020-06-09,"Despite crackdown on incels, their discussion forums are still online",https://globalnews.ca/news/7022100/incel-discussion-forums-still-online-crackdown/
2cd81d5d460ff1a2f890f7082157bfcf11c84c68b5bb06f6c413c29cb91dfe0d,2024-11-11 19:49:14.843140+00:00,en,globalnews.ca,globalnews.ca,2020-06-19,"Over 6,600 right-wing extremist social media channels, accounts linked to Canada, study finds",https://globalnews.ca/news/7082420/right-wing-extremism-canada-study/
76f827383960f904c3599ade869d411ea6939064e34a31305c6d4c52879f802e,2024-11-11 18:19:00.158268+00:00,en,ctvnews.ca,ctvnews.ca,2020-06-19,"More than 6,000 Canadian online channels involved in spreading right-wing extremism, study finds",https://www.ctvnews.ca/canada/more-than-6-000-canadian-online-channels-involved-in-spreading-right-wing-extremism-study-finds-1.4991473
4920a27183c5feb6c38b58da203fc67d81ea01122fbbc78ce1946d9ae72b3e6b,2024-11-11 06:04:26.038042+00:00,fr,tvanouvelles.ca,tvanouvelles.ca,2020-06-29,Comportements «haineux»: Twitch et Reddit s'attaquent à Trump et à ses partisans,https://www.tvanouvelles.ca/2020/06/29/comportements-haineux-twitch-et-reddit-sattaquent-a-trump-et-a-ses-partisans
d64efd429a34aa31ad0c8f31b735a94a646bca018b1a3edd78c52846b373cc5e,2024-11-11 00:13:35.128205+00:00,en,ctvnews.ca,ctvnews.ca,2020-07-03,QAnon is now infiltrating mainstream American life and politics,https://www.ctvnews.ca/world/qanon-is-now-infiltrating-mainstream-american-life-and-politics-1.5009310
5318443e4f4c3fbef421aad5b9abe99bcc863028dd6da3195d2ab4ce920c4918,2024-11-10 20:17:03.522725+00:00,en,ctvnews.ca,ctvnews.ca,2020-07-06,Michael Flynn takes QAnon oath in Fourth of July video,https://www.ctvnews.ca/world/michael-flynn-takes-qanon-oath-in-fourth-of-july-video-1.5012437
a92e7bf27288b4b4c9aeb99d20a7aa4a58b5dbcd88a5da098e365c86936d03b7,2024-11-10 06:43:06.882344+00:00,en,ctvnews.ca,ctvnews.ca,2020-07-14,QAnon conspiracy theory followers step out of the shadows and may be headed to U.S. Congress,https://www.ctvnews.ca/world/qanon-conspiracy-theory-followers-step-out-of-the-shadows-and-may-be-headed-to-u-s-congress-1.5023191
efa70c884e063e5c7310d0d7320d7ed1eb9ec15cb7fa0109e1c2c6bb80c195e1,2024-11-09 15:37:21.027949+00:00,en,thestar.com,thestar.com,2020-07-23,Far-right ‘boogaloo’ movement is using Hawaiian shirts to hide its intentions,https://www.thestar.com/news/canada/2020/07/23/far-right-boogaloo-movement-is-using-hawaiian-shirts-to-hide-its-intentions.html
4cf8099d893975e08427de24f64d505db01ecf5911df31472290ca5ba38495e6,2024-11-09 15:02:10.483410+00:00,fr,tvanouvelles.ca,tvanouvelles.ca,2020-07-23,"«QAnon», une armée de complotistes qui veulent faire réélire Trump",https://www.tvanouvelles.ca/2020/07/23/qanon-une-armee-de-complotistes-qui-veulent-faire-reelire-trump-1
62c007dec916de89b3db172726a927e7660531f74f89a8f007bbd0bca93d7470,2024-11-09 11:19:22.059954+00:00,fr,radio-canada.ca,radio-canada.ca,2020-07-27,une énorme fuite dévoile des prototypes et du contenu coupé de jeux cultes,http://ici.radio-canada.ca/nouvelle/1722609/fuite-nintendo-gigaleak-4chan-l-is-real-2401
079ea7ceb5bcae09e4e72b97b3fd243677f85532f56ed8f2c374fa096f205791,2024-11-08 17:35:29.466632+00:00,en,globalnews.ca,globalnews.ca,2020-08-12,"Trump backs Marjorie Taylor Greene, QAnon believer on a path to Congress",https://globalnews.ca/news/7268300/qanon-marjorie-taylor-greene-donald-trump/
afaadd8ecfb49d461c5e1d9c7d6754da5d6503faca998c7e5d94bec455e2e851,2024-11-08 07:41:50.030889+00:00,fr,radio-canada.ca,radio-canada.ca,2020-08-19,Facebook sévit contre la conspiration QAnon,http://ici.radio-canada.ca/nouvelle/1727769/qanon-groupes-facebook-supprimes
b8aaa681e4e304c73b040a09fa0054a7935a6d86a42bfad87fc1cef766c7e415,2024-11-08 07:33:53.496729+00:00,fr,tvanouvelles.ca,tvanouvelles.ca,2020-08-19,Facebook sévit contre les complotistes pro-Trump de la mouvance QAnon,https://www.tvanouvelles.ca/2020/08/19/facebook-sevit-contre-les-complotistes-pro-trump-de-la-mouvance-qanon-1
e74e3ee3efafa19ec796efacb886bd22b26d79f0701948aa9d888c2a1e735d5d,2024-11-08 07:28:38.729010+00:00,en,thestar.com,thestar.com,2020-08-19,What is QAnon? What we know about the conspiracy theory,https://www.thestar.com/wsj/news/2020/08/19/what-is-qanon-what-we-know-about-the-conspiracy-theory.html
827dcba83d069830a897c6d220b23ac45d89c8410aad0e95b7a4c242330b0eab,2024-11-08 06:27:25.753965+00:00,en,globalnews.ca,globalnews.ca,2020-08-20,Trump says QAnon conspiracy theorists are people who ‘love our country‘,https://globalnews.ca/news/7288017/donald-trump-qanon-comments/
f0f99f5ab7a589c31df83a304bf474554b86a24c5a7a9fc4e1fb2ac8a49a3709,2024-11-05 22:10:02.647037+00:00,en,globalnews.ca,globalnews.ca,2020-08-20,Trump says QAnon conspiracy theorists are people who ‘love our country‘,https://globalnews.ca/news/7288017/donald-trump-qanon-comments/?utm_source=GlobalWinnipeg&amp;utm_medium=Facebook
02aaaf26e767f035043794c9a7363c34c3b9a5a456126310607e1cb2c8d94689,2024-10-28 07:11:46.390423+00:00,en,thestar.com,thestar.com,2021-12-20,"‘Q’ has been quiet, but QAnon lives on",https://www.thestar.com/news/world/us/2021/12/20/q-has-been-quiet-but-qanon-lives-on.html
d5216c76945c280eca5a9209f7c0246ee0aaa5b6501020197a3869dafcea84f2,2024-10-22 08:33:10.335092+00:00,en,ctvnews.ca,ctvnews.ca,2020-10-06,How did QAnon conspiracies spread so fast in 2020?,https://www.ctvnews.ca/world/how-did-qanon-conspiracies-spread-so-fast-in-2020-1.5134133
a4b33bfe308e55a5696d4c0337ae91b5047ab3bd6accc21d8c4ab90a6ac6ef64,2024-10-22 00:05:08.644178+00:00,fr,radio-canada.ca,radio-canada.ca,2020-10-11,QAnon banni de Facebook,http://ici.radio-canada.ca/nouvelle/1739841/qanon-facebook-banni-conspiration-radio-quebec
76fe50fef6a63352d8297f887a8d2df305ff6c20b6d36c702bf5b161a9bc312c,2024-10-21 13:51:58.866126+00:00,en,thestar.com,thestar.com,2020-10-16,AP Explains: What’s behind Trump’s town hall answer on QAnon,https://www.thestar.com/news/world/2020/10/16/ap-explains-whats-behind-trumps-town-hall-answer-on-qanon.html
0466b480bdcfec8fc6a770476ef1ef8f3b730ee36dd574a3fad209b650e4ca72,2024-10-21 11:38:21.039589+00:00,fr,radio-canada.ca,radio-canada.ca,2020-10-18,"Les rumeurs copiées-collées, ces importants vecteurs de désinformation",http://ici.radio-canada.ca/nouvelle/1741417/rumeurs-copiees-collees-internet-reseaux-sociaux-desinformation
bc8c00a6b15659bc2e869d17054b751fe15950041e7aa41a247dae86b6eef239,2024-10-21 04:14:40.911306+00:00,en,thestar.com,thestar.com,2020-10-22,Family: Man fatally shot by police wasn’t extremist,https://www.thestar.com/news/world/us/2020/10/22/family-man-fatally-shot-by-police-wasnt-extremist.html
4e7297b9b49c430d98518de9e169309c25b1c97e872f61fadb3724a17df15f0d,2024-10-20 19:11:10.054035+00:00,fr,lapresse.ca,lapresse.ca,2018-04-25,"«La rébellion incel a déjà commencé», a écrit l'auteur de l'attaque à Toronto",https://www.lapresse.ca/actualites/justice-et-faits-divers/faits-divers/201804/25/01-5162363-la-rebellion-incel-a-deja-commence-a-ecrit-lauteur-de-lattaque-a-toronto.php
42dcf4807b3b057780108bf7376cd96fb063d060a53c78449726f35ef5a5a5dc,2024-10-20 16:41:43.293460+00:00,en,thestar.com,thestar.com,2020-10-30,"Harris target of more misinformation than Pence, data shows",https://www.thestar.com/news/world/us/2020/10/30/harris-target-of-more-misinformation-than-pence-data-shows.html
6436ab05cea589599c43893d7b97b365c08bd568ce6274af2d4f7b4c68cecd77,2024-10-20 02:44:54.894496+00:00,en,thestar.com,thestar.com,2020-11-07,Donald Trump supporters flood battleground capitals in denial of results,https://www.thestar.com/news/canada/2020/11/07/donald-trump-supporters-flood-battleground-capitals-in-denial-of-results.html
deddd3631eb3867ecb25433f1b7b43604156e35cf5e11714bbbded9ed59cb440,2024-10-20 02:37:15.558600+00:00,en,thestar.com,thestar.com,2019-09-27,Van attack driver Alek Minassian’s disturbing police interview: ‘I feel like I accomplished my mission’,https://www.thestar.com/news/gta/2019/09/27/van-attack-drivers-disturbing-police-interview-i-feel-like-i-accomplished-my-mission.html
bd3c23e2be4aed02b5ee63a579896a6e56c73749cfd6cd30c41f42e16397174c,2024-10-19 22:11:15.765941+00:00,fr,radio-canada.ca,radio-canada.ca,2020-04-07,« Black-out » et tunnels remplis d'enfants : la conspiration QAnon rejoint la COVID-19,https://ici.radio-canada.ca/nouvelle/1691511/conspiration-qanon-covid-etats-unis-fausse-nouvelle-clinton-trump-theories-enfants?fbclid=IwAR13_1wpyiTkGCyV2R14bobtWYgFdZQ43QGTF56mWJhjixQNwwXwgnxiCKg
4ed6d997fcd4dc3526ce0a1f781d15aff4cbc939582a9cbbc84e953242e274d4,2024-10-19 22:10:52.552572+00:00,fr,radio-canada.ca,radio-canada.ca,2020-08-22,Comprendre le mouvement QAnon pour mieux en parler à ses proches,https://ici.radio-canada.ca/nouvelle/1727900/mouvement-qanon-conspirationniste-complot-web-approche
422070c6862f958ee3330659ffe0cbe065f6f4a841dde73ded2faf340b8e9b03,2024-10-19 22:07:15.443586+00:00,en,ctvnews.ca,ctvnews.ca,2020-11-10,Alek Minassian says he's not criminally responsible for Toronto van attack,https://toronto.ctvnews.ca/alek-minassian-says-he-s-not-criminally-responsible-for-toronto-van-attack-1.5182129
27cd4cb83c1e9615faa591b38881ec5eb491ae29369d07458c4f3394d1ba7f46,2024-10-19 21:18:54.103929+00:00,en,thestar.com,thestar.com,2020-11-10,Alek Minassian has admitted to the facts of the Yonge St. van attack. What a brutal set of facts,https://www.thestar.com/opinion/star-columnists/2020/11/10/alek-minassian-has-admitted-to-the-facts-of-the-yonge-st-van-attack-what-a-brutal-set-of-facts.html
60a7ca03fdfe810fa02914fc78a96d24be6fd265fc8949ebd8454887d9d4397d,2024-10-19 16:58:46.136071+00:00,fr,tvanouvelles.ca,tvanouvelles.ca,2020-10-15,YouTube sévit contre les complotistes de QAnon,https://www.tvanouvelles.ca/2020/10/15/youtube-sevit-contre-les-complotistes-de-qanon
3a654fa0dcd5c44bf6b23a8f25a364d4b06d2353cc6699deda61556bee2a12d4,2024-10-19 16:40:15.939409+00:00,en,thestar.com,thestar.com,2020-11-14,The cult of Q? How QAnon is rallying Trump supporters and frightening experts in extremism,https://www.thestar.com/news/canada/2020/11/14/the-cult-of-q-how-qanon-is-rallying-trump-supporters-and-frightening-experts-in-extremism.html
b5b877c7106ae0615720646a3eec709a52b1a8af5125a9e097095872e55e34e3,2024-10-19 12:11:30.909488+00:00,en,thestar.com,thestar.com,2020-11-17,The Alek Minassian case is the latest to raise the question: When are alarming social media posts enough to alert authorities?,https://www.thestar.com/news/gta/2020/11/17/the-alek-minassian-case-is-the-latest-to-to-raise-the-question-when-are-alarming-social-media-posts-enough-to-alert-the-authorities.html
5a42a41f1bb59e75ffd7b64fbf01d767492f80a9b46a7926a0884db8510c24b7,2024-10-19 07:54:34.902072+00:00,fr,tvanouvelles.ca,tvanouvelles.ca,2020-10-09,"Publications sur le trafic d'enfants, QAnon nourrit un climat de panique",https://www.tvanouvelles.ca/2020/10/09/publications-sur-le-trafic-denfants-qanon-nourrit-un-climat-de-panique
70686ac923fe70d70f77810f9055c8edc39fc6684577d92bbc19e6f29c94f45f,2024-10-18 20:23:27.904465+00:00,en,globalnews.ca,globalnews.ca,2020-11-27,Internet sleuths reveal secret location of mysterious Utah monolith,https://globalnews.ca/news/7488087/utah-monolith-location/
d6f0f613e7c7a5fa355fe8aa80e4ee9dd520d4c1a236efd7e6068c43a42a33e3,2024-10-18 18:24:30.755714+00:00,en,ctvnews.ca,ctvnews.ca,2020-11-29,"'Free speech' upstart Parler attracting conservatives 'sick and tired' of Twitter, Facebook",https://www.ctvnews.ca/sci-tech/free-speech-upstart-parler-attracting-conservatives-sick-and-tired-of-twitter-facebook-1.5207662
679ecb6e3b661463282fb74c00aee85d89340932411dc50c79e98348c43ff119,2024-10-18 11:45:57.243323+00:00,en,globalnews.ca,globalnews.ca,2020-12-03,‘I guess this is a thing’: Third metal monolith appears in California,https://globalnews.ca/news/7499020/california-monolith-metal-utah-romania/
2f8cec6850c65be7cbea8884f0f9c1b708c468b0501bc2bc0ebe69394d6f4463,2024-10-18 04:34:14.054799+00:00,en,ctvnews.ca,ctvnews.ca,2020-12-07,Report shows how New Zealand mosque shooter eluded detection,https://www.ctvnews.ca/world/report-shows-how-new-zealand-mosque-shooter-eluded-detection-1.5221217
d60a17545b8d85eacf8d29955fab5992fdc03d7f988b1af9cc8288f0d22b31c9,2024-10-18 04:33:54.228819+00:00,en,thestar.com,thestar.com,2020-12-07,Report shows how New Zealand mosque shooter eluded detection,https://www.thestar.com/news/world/australia/2020/12/07/report-shows-how-new-zealand-mosque-shooter-eluded-detection.html
fb0febb69702de64bd68b76429fdda3abbab9bf822aa2b9f29e3c80ef6b10c63,2024-10-18 04:28:16.314813+00:00,en,globalnews.ca,globalnews.ca,2020-12-08,"Report on New Zealand mosque shootings calls for police, intelligence improvements",https://globalnews.ca/news/7507923/new-zealand-mosque-shooting-report/
bd8ba5706627a5c8239bc0cb3984de086ff5f2a08f3e1b619a6ed6bd2305a7d6,2024-10-17 22:37:21.105601+00:00,en,nationalpost.com,nationalpost.com,2020-12-11,"Canada not immune to QAnon as pandemic fuels conspiracy theories, experts say",https://nationalpost.com/pmn/news-pmn/canada-news-pmn/canada-not-immune-to-qanon-as-pandemic-fuels-conspiracy-theories-experts-say
0d0a700b254d527875cd518fcbe1c5be2bd04797b0711f11d243737f355bc2f5,2024-10-17 22:32:50.019352+00:00,en,thestar.com,thestar.com,2020-12-11,"Canada not immune to QAnon as pandemic fuels conspiracy theories, experts say",https://www.thestar.com/politics/2020/12/11/canada-not-immune-to-qanon-as-pandemic-fuels-conspiracy-theories-experts-say.html
94be170c83193da4aef62402f4bba594fb26a7d3eb33e705440e96ae9687b857,2024-10-17 22:20:29.927621+00:00,en,thestar.com,thestar.com,2020-12-11,"Today’s coronavirus news: Update expected Friday on Ontario’s plans to rollout COVID-19 vaccine; Conspiracy theories, including those by QAnon, have gained traction as the COVID-19 pandemic fuels fear",https://www.thestar.com/news/canada/2020/12/11/coronavirus-covid-19-updates-toronto-canada-december-11.html
c05322305e24f96651da1e01617ebad457139d9e484ac65618051a7d6c827b8a,2024-10-17 22:06:18.094635+00:00,en,ctvnews.ca,ctvnews.ca,2020-12-11,"Canada not immune to QAnon as pandemic fuels conspiracy theories, experts say",https://www.ctvnews.ca/sci-tech/canada-not-immune-to-qanon-as-pandemic-fuels-conspiracy-theories-experts-say-1.5226762
5daf9be56b684398964fece92b948f5ca87266aab35ce03b51fd0bc55d2a234d,2024-10-17 19:47:48.931364+00:00,en,globalnews.ca,globalnews.ca,2019-11-01,"News, Videos Articles",https://globalnews.ca/tag/4chan/
416b31b526000c6660c0b3b69f7aa4e26b560cd67b302f3b585da0650aa69f77,2024-09-12 08:27:10.687093+00:00,en,theglobeandmail.com,theglobeandmail.com,2024-09-11,"As Trump and Harris spar, ABC’s moderators grapple with conducting a debate in a polarized country",https://www.theglobeandmail.com/business/article-as-trump-and-harris-spar-abcs-moderators-grapple-with-conducting-a/
082a88f7d31a48bcaa04eaaafc2747633203b59f3eb5c5abeff7892920b4d754,2024-09-11 07:31:33.968632+00:00,en,thestar.com,thestar.com,2024-09-11,"As Trump and Harris spar, ABC’s moderators grapple with conducting a debate in a polarized country",https://www.thestar.com/news/as-trump-and-harris-spar-abcs-moderators-grapple-with-conducting-a-debate-in-a-polarized/article_601bc6f2-efce-5a2e-83a7-a3db6b0c5685.html
46784f2d25dde2c160c9fc1b5906b68caf2d5fb1d6a45e2a35771c4898ac9e6d,2024-09-09 18:15:33.671912+00:00,en,thestar.com,thestar.com,2021-10-21,What were hundreds of rioters thinking when they broke into the U.S. Capitol earlier this year,https://www.thestar.com/opinion/star-columnists/2021/10/21/what-were-hundreds-of-rioters-thinking-when-they-broke-into-the-us-capitol-earlier-this-year.html
1900dd06fbf5512e5fbc2ea6153348544bb49561ad8a90646f13870348b8530f,2024-09-06 20:39:06.343008+00:00,en,thestar.com,thestar.com,2021-10-06,"Amazon gaming platform Twitch hacked, exposing source code and payouts",https://www.thestar.com/business/2021/10/06/amazon-gaming-platform-twitch-hacked-exposing-source-code-and-payouts.html
6180fb00a131731ee6b5e899091471ced70f592a57c00bdad3ba7f5111175b15,2024-09-06 20:30:39.755810+00:00,fr,radio-canada.ca,radio-canada.ca,2021-10-06,Twitch touchée par une fuite de données massive,http://ici.radio-canada.ca/nouvelle/1829653/twitch-fuite-donnees-code-source
b304dc295548419ce5828b522178e9426f3ae5f3eebb4d9478df24313beb1198,2024-09-06 18:31:03.039589+00:00,fr,radio-canada.ca,radio-canada.ca,2021-10-07,Twitch attribue la fuite de données massive à une erreur de configuration,http://ici.radio-canada.ca/nouvelle/1829946/twitch-fuite-donnees-massive-erreur-configuration-serveur
64bf384ec165604842b6c0966f7c804592963f9c3c373837c20d56c97ff530ef,2024-09-03 16:05:54.994936+00:00,fr,radio-canada.ca,radio-canada.ca,2021-04-16,"Super Straight, un mouvement jugé discriminatoire qui inquiète la communauté LGBTQ+",http://ici.radio-canada.ca/nouvelle/1785592/super-straight-trans-mouvement-discriminatoire-lgbtq-tiktok
5c48c33be26f887834ea410142b5df8e7e151ba82c5c7b8eb7beffa4195a6b1c,2024-09-03 07:03:00.297456+00:00,fr,radio-canada.ca,radio-canada.ca,2021-04-23,« Journée nationale du viol »,http://ici.radio-canada.ca/nouvelle/1787217/journee-nationale-viol-vent-panique-legende-urbaine
1704e97b00aeadda861b2374f671e2d1ee90fa156fe60d8115a6fb83f101af6f,2024-09-03 04:46:47.159518+00:00,en,ctvnews.ca,ctvnews.ca,2021-04-24,Japan's QAnon disciples aren't letting Trump's loss quash their mission,https://www.ctvnews.ca/world/japan-s-qanon-disciples-aren-t-letting-trump-s-loss-quash-their-mission-1.5400892
53561c3f424d3d709bc03fd77ccb00cfadcb3117dce5616363c69cf0c58507c3,2024-08-31 13:03:36.787997+00:00,en,ctvnews.ca,ctvnews.ca,2021-06-04,Quebec health minister accused of using white power symbol in Twitter joke,https://montreal.ctvnews.ca/quebec-health-minister-accused-of-using-white-power-symbol-in-twitter-joke-1.5456244
547bc66fdda0ccfc05eadb2c1033e465827202741d296c5738c9bc377c954389,2024-08-31 12:05:05.772339+00:00,fr,tvanouvelles.ca,tvanouvelles.ca,2021-06-04,"Non, Christian Dubé n'a pas utilisé de symbole suprémaciste blanc dans sa nouvelle publicité",https://www.tvanouvelles.ca/2021/06/04/non-christian-dube-na-pas-utilise-de-symbole-supremaciste-blanc-dans-sa-nouvelle-publicite
6a99dbcf05eb6607aa3c9fd762c9456e51557732faf5f926409c4e7700182bb6,2024-08-31 11:02:20.762251+00:00,en,ctvnews.ca,ctvnews.ca,2019-08-20,Canadian Armed Forces investigating reservist for potential racist activities,https://www.ctvnews.ca/canada/canadian-armed-forces-investigating-reservist-for-potential-racist-activities-1.4557639
0b1af573102a76445c5a25822564e32bbd98501d3bc2c8347ff4f571500d0e92,2024-08-31 08:27:47.432949+00:00,en,thestar.com,thestar.com,2021-06-08,‘An act of terror’: RCMP national security team assisting London police in Muslim family’s killing,https://www.thestar.com/news/canada/2021/06/08/an-act-of-terror-rcmp-national-security-team-assisting-london-police-in-muslim-familys-killing.html
32eea0a285827f8aef421f8873bee0c428e3eabd9a96a9760641e55c45b01974,2024-08-28 11:47:23.728376+00:00,en,thestar.com,thestar.com,2021-07-23,Conspiracy theories. Donald Trump followers. Pandemic sees rise in right-wing extremism online in Canada — and report warns of a ‘surge’ as lockdowns lift,https://www.thestar.com/news/canada/2021/07/23/conspiracy-theories-donald-trump-followers-pandemic-sees-a-rise-in-right-wing-extremism-online-in-canada-and-report-warns-of-a-surge-as-lockdowns-lift.html
bbfe5352f1af83dc546fb842beae7e5c762212a6f92e8b50db1ac407812cb999,2024-08-28 02:06:25.148605+00:00,fr,radio-canada.ca,radio-canada.ca,2021-07-30,"Never Gonna Give You Up, de Rick Astley, dépasse le milliard de vues sur YouTube",http://ici.radio-canada.ca/nouvelle/1813069/never-gonna-give-you-up-rick-astley-milliard-vues-youtube-video-videoclip
e0bc9af296644534251509b1089b4a297eea5c9fc1ba2c03b9ba42f26c324485,2024-08-25 23:47:05.847442+00:00,en,ctvnews.ca,ctvnews.ca,2021-09-02,U.S. Congress asks tech companies for Jan. 6 records,https://www.ctvnews.ca/sci-tech/u-s-congress-asks-tech-companies-for-jan-6-records-1.5570653
24f0890ea72c86e46762b2d2e87bf45d1cfe284a23bbd68ab7a4c1e2eb97e28c,2024-08-25 15:16:27.622095+00:00,en,nationalpost.com,nationalpost.com,2021-09-09,U.S. congressional committee receives thousands of documents in Jan 6 probe,https://nationalpost.com/pmn/news-pmn/crime-pmn/u-s-congressional-committee-receives-thousands-of-documents-in-jan-6-probe
d01896dc4ed6a890ea6f968170106f1b1e7dd369825c7ced7517f0490b2e26b3,2024-08-24 03:12:47.888589+00:00,en,nationalpost.com,nationalpost.com,2021-03-04,New Zealand police charge man after threat against mosques attacked in 2019,https://nationalpost.com/pmn/news-pmn/crime-pmn/new-zealand-police-charge-man-after-threat-against-mosques-attacked-in-2019
967209535b82bbcd47371585db9252da9e92c24c7078cd8e39a398a1528488b2,2024-08-24 02:56:14.304474+00:00,en,thestar.com,thestar.com,2021-03-04,New Zealand man charged over threats to Christchurch mosques,https://www.thestar.com/news/world/australia/2021/03/04/new-zealand-man-charged-over-threats-to-christchurch-mosques.html
f16eb6d2016255c2243e931937ccd69e8c35753cc4573068f52444dbbe561c34,2024-08-20 04:58:08.681291+00:00,fr,radio-canada.ca,radio-canada.ca,2020-12-14,Le Canada n'est pas immunisé contre les théories du complot,https://ici.radio-canada.ca/nouvelle/1756825/qanon-theories-complot-pandemie-canada
89e390401cbba28db44650bfbfc5e9053619946e8f6135ff88e4d45d53416ba0,2024-08-17 06:48:45.141613+00:00,en,globalnews.ca,globalnews.ca,2021-01-08,Online conspiracies can spark offline violence — and it could happen here,https://globalnews.ca/news/7561798/capitol-hill-violence-trump-conspiracy-disinformation-canada/
b54654f4759837c48cf955b3d611bd9aaffeb1f3e32a502c9444e22411127642,2024-08-17 05:54:53.100793+00:00,en,ctvnews.ca,ctvnews.ca,2021-01-08,These are some of the extremist groups responsible for the violence on Capitol Hill,https://www.ctvnews.ca/world/these-are-some-of-the-extremist-groups-responsible-for-the-violence-on-capitol-hill-1.5259142
e81c62e45fcbf83e43c85338c0d20d08c64ddb2cee14a61dd98daa7bf99b6b3a,2024-08-17 04:42:16.014542+00:00,en,ctvnews.ca,ctvnews.ca,2021-01-09,Decoding the extremist symbols and groups at the Capitol Hill insurrection,https://www.ctvnews.ca/world/decoding-the-extremist-symbols-and-groups-at-the-capitol-hill-insurrection-1.5260341
106483448aeefbb544ab990a26e1aec39f66526264cafd8b61b43a0ecd0a38fd,2024-08-16 15:42:33.926417+00:00,en,ctvnews.ca,ctvnews.ca,2021-01-17,Swiss text sleuths unpick mystery of QAnon origins,https://www.ctvnews.ca/world/america-votes/swiss-text-sleuths-unpick-mystery-of-qanon-origins-1.5270289
123f7414bc34271cacaf364a20210411157ec63a9711472d90d13f6768bebf0d,2024-08-16 09:09:09.740247+00:00,en,ctvnews.ca,ctvnews.ca,2021-01-20,Inauguration sows doubt among QAnon conspiracy theorists,https://www.ctvnews.ca/world/america-votes/inauguration-sows-doubt-among-qanon-conspiracy-theorists-1.5275641
b7f475fac4a6807286ca4ee36dc93cb2ebbd7cc18b969a7887d2011e945333bb,2024-08-16 09:06:43.662772+00:00,en,thestar.com,thestar.com,2021-01-20,Inauguration sows doubt among QAnon conspiracy theorists,https://www.thestar.com/news/world/us/2021/01/20/inauguration-sows-doubt-among-qanon-conspiracy-theorists.html
c73e9218c9d10607582187f9498ce436e643e5f6ec66b311991b6bc61e6bf020,2024-08-16 04:21:53.867436+00:00,en,thestar.com,thestar.com,2021-01-23,Pistol-packing Republicans in Congress have only themselves to fear,https://www.thestar.com/opinion/star-columnists/2021/01/23/pistol-packing-republicans-in-congress-have-only-themselves-to-fear.html
50a015710aeef1553ac7a5622025c41a3370569d2bd1c503a89d4d92a1401435,2024-08-03 10:44:00.204209+00:00,en,thestar.com,thestar.com,2021-12-27,How 2021 turned around and throttled hope,https://www.thestar.com/opinion/star-columnists/2021/12/27/how-2021-turned-around-and-throttled-hope.html
a62089c5ffe380f11d3b443f475c1367f796b1d475266a897d6b0f3b92254483,2024-08-02 07:02:30.611220+00:00,en,ctvnews.ca,ctvnews.ca,2022-01-07,The Manitoba professor developing a tool kit to help identify early stages of extremism,https://winnipeg.ctvnews.ca/the-manitoba-professor-developing-a-tool-kit-to-help-identify-early-stages-of-extremism-1.5732182
636df4740e60846066e10be82b6733594dc243f5b79618b02022efe9cc4fb1ea,2024-08-01 23:57:33.136596+00:00,en,ctvnews.ca,ctvnews.ca,2022-01-13,"Twitter, Meta among tech giants subpoenaed by Jan. 6 panel",https://www.ctvnews.ca/sci-tech/twitter-meta-among-tech-giants-subpoenaed-by-jan-6-panel-1.5739328
5ade78bab1277a99b01b067d6d2c65d5aed64128fd07e9db1c0fbc4e03c63305,2024-07-18 15:30:20.266770+00:00,en,ctvnews.ca,ctvnews.ca,2024-07-18,Trump rally shooting: Conflicting conspiracy theories emerge after chaotic weekend,https://www.ctvnews.ca/world/one-screen-two-movies-conflicting-conspiracy-theories-emerge-from-the-trump-rally-shooting-1.6968453
83c12e5434585cd5bedd23be74c7eb8776e694aa2ab3640e3b42a9b7853dc7a8,2024-07-18 06:21:07.743478+00:00,en,thestar.com,thestar.com,2024-07-18,"‘One screen, two movies’: Conflicting conspiracy theories emerge from Trump shooting",https://www.thestar.com/news/world/united-states/one-screen-two-movies-conflicting-conspiracy-theories-emerge-from-trump-shooting/article_d1111153-595e-5a6d-b875-a053ba143a03.html
1c1c730811a30c5ff55121c134f0a1ecef951c68c8c2fffaa961f2bfef5de777,2024-07-17 01:19:52.824831+00:00,en,theglobeandmail.com,theglobeandmail.com,2024-07-16,"No, Trump was not shot in the chest, and debunking another false claim following assassination attempt",https://www.theglobeandmail.com/world/article-no-trump-was-not-shot-in-the-chest-and-debunking-another-false-claim/
ed5664320546f0a34e9fee1e1ce095b2228c2307cddcf74f963fa0f3e9cacb08,2024-07-16 02:17:17.762896+00:00,en,thestar.com,thestar.com,2024-07-15,A look at false claims around the assassination attempt on former President Trump,https://www.thestar.com/news/world/united-states/a-look-at-false-claims-around-the-assassination-attempt-on-former-president-trump/article_cf122614-e6f9-5901-8541-f989f5747a75.html
ffb9c3cedc0a525c5c3f2d1e2f0e713e67212e295b2756f688472a4b08a53b66,2024-05-28 15:23:40.734719+00:00,fr,lapresse.ca,lapresse.ca,2024-05-28,Fausse note d’OpenAI,https://www.lapresse.ca/affaires/techno/2024-05-28/fausse-note-d-openai/la-generation-de-voix-par-l-ia-sous-le-feu-des-projecteurs.php
8710e81cdf2206863d29dc9de0e0f262830089be3190ab60081d1c90283bfa34,2024-05-10 07:39:44.576602+00:00,fr,tvanouvelles.ca,tvanouvelles.ca,2022-05-16,"Le tireur de Buffalo, un jeune raciste isolé et radicalisé en ligne",https://www.tvanouvelles.ca/2022/05/16/le-tireur-de-buffalo-un-jeune-raciste-isole-et-radicalise-en-ligne
76282c198043dc59d2764e758b3f76d2ee236347410bf1b1eb4fe11cca983f5e,2024-05-10 07:38:11.686898+00:00,en,thestar.com,thestar.com,2022-05-16,Accused Buffalo gunman followed familiar radicalization path,https://www.thestar.com/news/world/2022/05/16/accused-buffalo-gunman-followed-familiar-radicalization-path.html
1a98005f0ffa9de12b2ba241047a0398534a3acbb6f942daf06d542b4c83cbe1,2024-05-10 07:34:24.063289+00:00,en,thestar.com,thestar.com,2022-05-16,Mass shootings are America’s greatest shame,https://www.thestar.com/opinion/star-columnists/2022/05/16/mass-shootings-are-americas-greatest-shame.html
802fcad7c34a668692e99af2b24eb6ba506a8348cf45174b95bda3555016f20d,2024-05-10 05:45:05.933453+00:00,fr,tvanouvelles.ca,tvanouvelles.ca,2022-05-17,La tuerie raciste de Buffalo méticuleusement préparée depuis des mois,https://www.tvanouvelles.ca/2022/05/17/la-tuerie-raciste-de-buffalo-meticuleusement-preparee-depuis-des-mois-1
2f1a3b66f9f745ee39cad8da1bfc35fc4cf1e2933266f0dccf3ac5f1be180332,2024-05-10 04:41:44.317820+00:00,en,nationalpost.com,nationalpost.com,2022-05-18,New York AG to investigate social media platforms used by Buffalo grocery gunman,https://nationalpost.com/pmn/news-pmn/crime-pmn/new-york-ag-to-investigate-social-media-platforms-used-by-buffalo-grocery-gunman-2
eac5fe766bc124613f484db88d70942fb11da45e793d0674dac3e47770971a46,2024-05-10 04:27:53.350747+00:00,en,thestar.com,thestar.com,2022-05-18,Buffalo shooter let some people see plans just before attack,https://www.thestar.com/news/world/2022/05/18/buffalo-shooter-let-some-people-see-plans-just-before-attack.html
ffdeff256ad594fa2249087a966bddfda08fc65c6b14000a47af238a48a8e635,2024-05-10 04:27:36.582806+00:00,en,nationalpost.com,nationalpost.com,2022-05-18,New York state opens probe of social media platforms used by Buffalo shooting suspect,https://nationalpost.com/pmn/news-pmn/crime-pmn/new-york-state-opens-probe-of-social-media-platforms-used-by-buffalo-shooting-suspect
e3eb11e7eee916cd6db4ec68258baa6f1668493b2e2e3a3a615b1d5f38daa83f,2024-05-09 23:37:48.474331+00:00,en,ctvnews.ca,ctvnews.ca,2022-05-20,How white 'replacement theory' evolved from elderly racists to teens online to the alleged inspiration for another racist mass homicide,https://www.ctvnews.ca/world/how-white-replacement-theory-evolved-from-elderly-racists-to-teens-online-to-the-alleged-inspiration-for-another-racist-mass-homicide-1.5913198
aece5272bb3267ad5d1a23350f29ac306b2e5c8cdafc21e09a1cda484b45fab2,2024-05-09 14:49:20.173422+00:00,en,thestar.com,thestar.com,2022-05-25,‘Horrifying’ conspiracy theories swirl around Texas shooting,https://www.thestar.com/news/world/us/2022/05/25/horrifying-conspiracy-theories-swirl-around-texas-shooting.html
5189554e69542c9878208eb49030b4b71ca1820538b1e84761fa9f24e4bd177b,2024-05-09 14:46:57.082749+00:00,en,globalnews.ca,globalnews.ca,2022-05-25,Misinformation and conspiracy theories spiral after Texas mass school shooting,https://globalnews.ca/news/8870691/misinformation-conspiracy-theories-texas-mass-school-shooting/
2f7f2339c46acd808c0ed4c1f2363c02e449bc07f509c8425e309fd9cda681a4,2024-05-09 13:53:18.980496+00:00,fr,ledevoir.com,ledevoir.com,2022-05-26,Une fausse théorie transphobe circule sur la tuerie dans une école d’Uvalde,https://www.ledevoir.com/monde/etats-unis/715587/non-l-auteur-de-la-tuerie-dans-une-ecole-du-texas-n-est-pas-une-femme-trans
886c3f4f5b4f8861b9e464b1d918a870d49d0bbe627d824fb8203054f678711d,2024-05-09 13:42:46.306329+00:00,en,ctvnews.ca,ctvnews.ca,2022-05-26,'Horrifying' conspiracy theories swirl around Texas shooting,https://www.ctvnews.ca/world/horrifying-conspiracy-theories-swirl-around-texas-shooting-1.5919071
072d6607ce83dbb460713961e07f5eee3384a15d8415e104a3870a9c68e32786,2024-05-06 20:40:59.987018+00:00,en,nationalpost.com,nationalpost.com,2022-07-07,Criminalizing holocaust denial in Canada will protect democracy and free speech,https://nationalpost.com/pmn/news-pmn/criminalizing-holocaust-denial-in-canada-will-protect-democracy-and-free-speech
8031a66eaf71b0bc5e703580318571dcd9ee6a99c0beac8a96fe664ae56292da,2024-05-06 19:22:02.650724+00:00,en,nationalpost.com,nationalpost.com,2022-07-08,Gun applicants in NY will have to hand over social accounts,https://nationalpost.com/pmn/news-pmn/gun-applicants-in-ny-will-have-to-hand-over-social-accounts
5533ba9a56b4416c4558d5bfb431ac80c400607ae0d857445e649191ba0d0b00,2024-05-06 19:06:45.593350+00:00,en,ctvnews.ca,ctvnews.ca,2022-07-08,N.Y. gun application to require screening of social media accounts,https://www.ctvnews.ca/world/n-y-gun-application-to-require-screening-of-social-media-accounts-1.5979554
9cbf86152b0293510102aae51af48bb6473d4d45e1a831499e9a00b497cfeea8,2024-05-06 18:40:34.992326+00:00,en,globalnews.ca,globalnews.ca,2022-07-08,New York gun applicants will have to list social media accounts for a review,https://globalnews.ca/news/8976698/new-york-gun-applicants-social-media/
82a3bf2b336db5c431e95f539b37533ba968c0dfbb3de5b3eaea4e4290734a8d,2024-05-04 09:25:40.199834+00:00,en,globalnews.ca,globalnews.ca,2022-08-04,What happened to… Toronto van attack and involuntary celibate community,https://globalnews.ca/news/9021808/what-happened-toronto-van-attack-involuntary-celibate-community/
d0d8bb304a666a1bfe0f44ea9f0bf30db56a216f0f7c59703ad315da1b61a5be,2024-05-02 12:19:23.683985+00:00,fr,ledevoir.com,ledevoir.com,2022-09-07,"Nouvelle campagne électorale, mème combat",https://www.ledevoir.com/societe/753351/nouvelle-campagne-meme-combat
f602ee203a6ace0453ba6238654365ce605525f644d38edc574357a032a84ba7,2024-05-01 07:41:20.719726+00:00,fr,radio-canada.ca,radio-canada.ca,2022-09-22,"Non, le poulet au Nyquil n’est pas une vraie tendance TikTok",http://ici.radio-canada.ca/mordu/4656/poulet-au-nyquil-tiktok-faux-defi
7a38b7837d3556e4475b93ef9c3ee357828773ed75acb644c309d7b51ab61a4d,2024-04-29 15:37:29.787943+00:00,en,nationalpost.com,nationalpost.com,2022-10-18,NY leaders propose measures to keep violent videos offline,https://nationalpost.com/pmn/entertainment-pmn/ny-leaders-propose-measures-to-keep-violent-videos-offline
e9b5387632029fad96ffc5629fdd5d3d99461319cc0fe212859a2c83383a1323,2024-04-28 09:55:28.725010+00:00,en,thestar.com,thestar.com,2022-11-10,Twitter is changing under Elon Musk. Here’s what’s happened since the world’s richest man took control,https://www.thestar.com/business/2022/11/10/twitter-is-changing-under-elon-musk-heres-whats-happened-since-the-worlds-richest-man-took-control.html
5fc9d69598a189c07a56f52a5c150f2689052bd6396d1f3b43fc4c1be8ebddb7,2024-04-27 17:56:58.338446+00:00,en,nationalpost.com,nationalpost.com,2022-11-23,Editorial Roundup: United States,https://nationalpost.com/pmn/news-pmn/editorial-roundup-united-states-24
70aff80c6091a8fc019d6e339340b89e0ea8d190a6c10d47c8ea701ff518059a,2024-04-25 18:24:26.072655+00:00,en,ctvnews.ca,ctvnews.ca,2022-12-28,Shiba inu who inspired 'doge' meme is seriously ill with leukemia,https://www.ctvnews.ca/lifestyle/shiba-inu-who-inspired-doge-meme-is-seriously-ill-with-leukemia-1.6210221
fca64eca53e7d460300e890a5dbf69965a2a0df08a11ea0dc49ae991e7f94498,2024-04-06 00:41:51.105627+00:00,fr,radio-canada.ca,radio-canada.ca,2024-04-04,Un studio montréalais à l’épicentre d’un Gamergate 2.0,https://ici.radio-canada.ca/info/long-format/2062257/studio-sweet-baby-inc-gamergate
1840662c017a24c2dbd29c2b4108b3608437c5ce0f94086d3e50d35f04208672,2024-03-31 01:52:21.803840+00:00,fr,ledevoir.com,ledevoir.com,2024-03-29,Le studio montréalais Sweet Baby est devenu le bouc émissaire de la «wokisation» des jeux vidéo,https://www.ledevoir.com/culture/809911/sweet-baby-studio-devenu-bouc-emissaire-wokisation-jeux-video
b78a411ec3ab7b73466ac3cdd4c8101419a6972fa0698a395cc57a1b270c3630,2024-03-09 22:52:26.156775+00:00,en,nationalpost.com,nationalpost.com,2023-01-18,Davos is a grift and a cult but it’s also a bid for global domination,https://nationalpost.com/opinion/michael-shellenberger-davos-is-a-grift-and-a-cult-but-its-also-a-bid-for-global-domination
35a32cdb52e20b04da3012e4ee366e880c5e7441c9c08fa4d0a9669f14bdca63,2024-03-09 18:08:01.236705+00:00,en,nationalpost.com,nationalpost.com,2023-01-22,Scooby-Doo spinoff Velma accused of sexualizing teens,https://nationalpost.com/entertainment/television/velma-scooby-doo-spinoff-mindy-kaling
c4b6e2b8af9a96360869360ab557a6aabc7b5d896fe8285930eb798f69f0e44c,2024-03-07 17:30:49.530231+00:00,en,ctvnews.ca,ctvnews.ca,2023-02-25,Media drop Dilbert after creator's Black 'hate group' remark,https://www.ctvnews.ca/entertainment/u-s-newspapers-drop-dilbert-after-creator-s-black-hate-group-remark-1.6289463
507e6e8548c8568a5e0910dd0ce6872af28bdf0034c61387b9ff356415001d47,2024-03-07 17:26:27.446973+00:00,fr,ledevoir.com,ledevoir.com,2023-02-25,Des médias américains abandonnent la bédé «Dilbert» après des propos racistes,https://www.ledevoir.com/lire/783198/des-medias-americains-abandonnent-la-bede-dilbert-apres-des-propos-racistes
4505aaed8eda724c8d06ec53644f2bdd34a57dc0861e9bc31f3e51d87a03eac6,2024-03-07 17:19:00.530848+00:00,en,thestar.com,thestar.com,2023-02-25,Publishers drop Dilbert comic after creator’s Black ‘hate group’ remark,https://www.thestar.com/entertainment/2023/02/25/publishers-drop-dilbert-comic-after-creators-black-hate-group-remark.html
a4acd14efd04df50dfd94de34e7dee683330a90b7a5d611dcbd3835f637cac94,2024-03-07 15:29:36.482470+00:00,en,ctvnews.ca,ctvnews.ca,2023-02-27,Publisher severs ties with Dilbert creator Scott Adams,https://www.ctvnews.ca/entertainment/dilbert-distributor-severs-ties-to-creator-over-race-remarks-1.6290533
797295942c4b5f4e4671002e990c96c36c9e2bef6057e981822a4b7c9ea6eaee,2024-03-07 15:14:11.486332+00:00,en,thestar.com,thestar.com,2023-02-27,"‘Dilbert,’ Scott Adams lose distributor over racist remarks",https://www.thestar.com/life/2023/02/27/dilbert-distributor-loses-distributor-over-racist-remarks.html
0c9fbb50560e142252b0761c48834d750ea3debd976ff5f8559c972952d1e29c,2024-03-07 13:35:03.056708+00:00,en,globalnews.ca,globalnews.ca,2023-02-28,Racist video rant catches up with ‘Dilbert’ creator Scott Adams,https://globalnews.ca/news/9517193/scott-adams-dilbert-racist-video/
916aefb286569ea032bb08c2b3178bfa5dc2c19d0fdbd159924435d915459630,2024-02-27 03:25:11.898990+00:00,en,thestar.com,thestar.com,2024-02-25,What an AI image of a Holocaust survivor can teach us about remembrance,https://www.thestar.com/news/canada/what-an-ai-image-of-a-holocaust-survivor-can-teach-us-about-remembrance/article_3e42153a-c9b2-11ee-a155-13665ccb63dd.html
197593e0a331a28e57700c1ddbfdda42a69363cb9cd0008b30fad456318a81f5,2024-02-24 16:13:09.985061+00:00,fr,tvanouvelles.ca,tvanouvelles.ca,2023-07-14,La désinformation anti-LGBT+ prend de l'ampleur aux États-Unis,https://www.tvanouvelles.ca/2023/07/14/la-desinformation-anti-lgbt-prend-de-lampleur-aux-etats-unis
6ba4944e6509d3ad892fdc275fccc612174207b5fa7829bfde215b3620cefbf0,2024-02-05 02:52:27.075490+00:00,fr,ledevoir.com,ledevoir.com,2024-02-03,Facebook comme en 2004,https://www.ledevoir.com/culture/806471/completement-debranche-facebook-comme-2004
46cebddd5d99f6fee196ff50172483e6eefd819f5b05552421e32c4c3931d561,2024-01-01 01:28:30+00:00,en,globalnews.ca,globalnews.ca,2023-12-29,"Liminal spaces offline: Searching for abandoned, empty places in the real world",https://globalnews.ca/news/10195110/liminal-spaces-toronto-photos/
0aa34e12f214f70cbff6d3e2d90bfd0fb031d9f81f73aec7a117bb2957245ab3,2023-11-20 01:51:51+00:00,en,ctvnews.ca,ctvnews.ca,2023-11-18,Experts warn of political violence in U.S.,https://www.ctvnews.ca/world/fears-of-political-violence-are-growing-as-the-2024-campaign-heats-up-and-conspiracy-theories-evolve-1.6650958
bda6f01075a307e70f2989ab539ff21799d9b193f943b9141f3ac55f7275060b,2023-11-20 01:51:46+00:00,en,ctvnews.ca,ctvnews.ca,2023-11-18,Experts warn of political violence in U.S.,https://www.ctvnews.ca/world/political-violence-threatens-to-intensify-as-the-2024-u-s-presidential-campaign-heats-up-experts-warn-1.6650958
